orderNumber,productCode,quantityOrdered,priceEach,buyPrice,Sales,Profit
10100,S18_1749,30,136.0,86.7,4080.0,1479.0
10100,S18_2248,50,55.09,33.3,2754.5,1089.5000000000002
10100,S18_4409,22,75.46,43.26,1660.12,708.3999999999999
10100,S24_3969,49,35.29,21.75,1729.21,663.4599999999999
10101,S18_2325,25,108.06,58.48,2701.5,1239.5000000000002
10101,S18_2795,26,167.06,72.56,4343.56,2457.0
10101,S24_1937,45,32.53,22.57,1463.8500000000001,448.20000000000005
10101,S24_2022,46,44.35,20.61,2040.1000000000001,1092.0400000000002
10102,S18_1342,39,95.55,60.62,3726.45,1362.27
10102,S18_1367,41,43.13,24.26,1768.3300000000002,773.6700000000001
10103,S10_1949,26,214.3,98.58,5571.8,3008.7200000000003
10103,S10_4962,42,119.67,103.42,5026.14,682.5
10103,S12_1666,27,121.64,77.9,3284.28,1180.9799999999998
10103,S18_1097,35,94.5,58.33,3307.5,1265.95
10103,S18_2432,22,58.34,24.92,1283.48,735.24
10103,S18_2949,27,92.19,60.78,2489.13,848.0699999999999
10103,S18_2957,35,61.84,34.35,2164.4,962.1500000000001
10103,S18_3136,25,86.92,60.74,2173.0,654.5
10103,S18_3320,46,86.31,57.54,3970.26,1323.42
10103,S18_4600,36,98.07,84.76,3530.5199999999995,479.15999999999957
10103,S18_4668,41,40.75,23.14,1670.75,722.01
10103,S24_2300,36,107.34,61.34,3864.2400000000002,1656.0
10103,S24_4258,25,88.62,57.46,2215.5,779.0000000000001
10103,S32_1268,31,92.46,53.93,2866.2599999999998,1194.4299999999998
10103,S32_3522,45,63.35,33.61,2850.75,1338.3000000000002
10103,S700_2824,42,94.07,46.53,3950.9399999999996,1996.6799999999996
10104,S12_3148,34,131.44,89.14,4468.96,1438.1999999999998
10104,S12_4473,41,111.39,55.7,4566.99,2283.29
10104,S18_2238,24,135.9,101.51,3261.6000000000004,825.36
10104,S18_2319,29,122.73,74.86,3559.17,1388.23
10104,S18_3232,23,165.95,77.9,3816.85,2025.1499999999996
10104,S18_4027,38,119.2,91.92,4529.6,1036.64
10104,S24_1444,35,52.02,32.37,1820.7,687.7500000000002
10104,S24_2840,44,30.41,15.91,1338.04,638.0
10104,S24_4048,26,106.45,69.78,2767.7000000000003,953.4200000000001
10104,S32_2509,35,51.95,25.98,1818.25,908.95
10104,S32_3207,49,56.55,26.72,2770.95,1461.6699999999998
10104,S50_1392,33,114.59,68.29,3781.4700000000003,1527.8999999999999
10104,S50_1514,32,53.31,37.49,1705.92,506.24
10105,S10_4757,50,127.84,85.68,6392.0,2108.0
10105,S12_1108,41,205.72,95.59,8434.52,4515.33
10105,S12_3891,29,141.88,83.05,4114.5199999999995,1706.07
10105,S18_3140,22,136.59,68.3,3004.98,1502.38
10105,S18_3259,38,87.73,67.56,3333.7400000000002,766.46
10105,S18_4522,41,75.48,52.66,3094.6800000000003,935.6200000000003
10105,S24_2011,43,117.97,82.34,5072.71,1532.0899999999997
10105,S24_3151,44,73.46,46.91,3232.24,1168.1999999999998
10105,S24_3816,50,75.47,48.64,3773.5,1341.5
10105,S700_1138,41,54.0,34.0,2214.0,820.0
10105,S700_1938,29,86.61,43.3,2511.69,1255.99
10105,S700_2610,31,60.72,33.97,1882.32,829.25
10105,S700_3505,39,92.16,51.09,3594.24,1601.7299999999998
10105,S700_3962,22,99.31,53.63,2184.82,1004.96
10105,S72_3212,25,44.77,33.3,1119.25,286.75000000000017
10106,S18_1662,36,134.04,77.27,4825.44,2043.7199999999998
10106,S18_2581,34,81.1,49.0,2757.3999999999996,1091.3999999999999
10106,S18_3029,41,80.86,51.61,3315.2599999999998,1199.25
10106,S18_3856,41,94.22,64.58,3863.02,1215.24
10106,S24_1785,28,107.23,66.74,3002.44,1133.7200000000003
10106,S24_2841,49,65.77,34.25,3222.73,1544.4799999999998
10106,S24_3420,31,55.89,26.3,1732.59,917.29
10106,S24_3949,50,55.96,29.34,2798.0,1331.0
10106,S24_4278,26,71.0,36.23,1846.0,904.0200000000001
10106,S32_4289,33,65.35,33.02,2156.5499999999997,1066.8899999999996
10106,S50_1341,39,35.78,27.06,1395.42,340.0800000000001
10106,S700_1691,31,91.34,51.15,2831.54,1245.89
10106,S700_2047,30,85.09,39.83,2552.7000000000003,1357.8000000000002
10106,S700_2466,34,99.72,68.8,3390.48,1051.28
10106,S700_2834,32,113.9,59.33,3644.8,1746.2400000000002
10106,S700_3167,44,76.0,54.4,3344.0,950.4000000000001
10106,S700_4002,48,70.33,36.27,3375.84,1634.8799999999997
10106,S72_1253,48,43.7,32.77,2097.6000000000004,524.64
10107,S10_1678,30,81.35,48.81,2440.5,976.1999999999998
10107,S10_2016,39,105.86,68.99,4128.54,1437.9300000000003
10107,S10_4698,27,172.36,91.02,4653.72,2196.1800000000003
10107,S12_2823,21,122.0,66.27,2562.0,1170.3300000000002
10107,S18_2625,29,52.7,24.23,1528.3000000000002,825.6300000000001
10107,S24_1578,25,96.92,60.86,2423.0,901.5
10107,S24_2000,38,73.12,37.32,2778.5600000000004,1360.4
10107,S32_1374,20,88.9,66.92,1778.0,439.6000000000001
10108,S12_1099,33,165.38,95.34,5457.54,2311.3199999999997
10108,S12_3380,45,96.3,75.16,4333.5,951.3000000000001
10108,S12_3990,39,75.81,31.92,2956.59,1711.71
10108,S12_4675,36,107.1,58.73,3855.6,1741.32
10108,S18_1889,38,67.76,53.9,2574.88,526.6800000000003
10108,S18_3278,26,73.17,49.05,1902.42,627.1200000000001
10108,S18_3482,29,132.29,73.49,3836.41,1705.1999999999998
10108,S18_3782,43,52.84,32.95,2272.1200000000003,855.27
10108,S18_4721,44,139.87,69.93,6154.280000000001,3077.3599999999997
10108,S24_2360,35,64.41,47.1,2254.35,605.8499999999998
10108,S24_3371,30,60.01,38.58,1800.3,642.9
10108,S24_3856,40,132.0,98.3,5280.0,1348.0
10108,S24_4620,31,67.1,32.33,2080.1,1077.87
10108,S32_2206,27,36.21,24.14,977.6700000000001,325.89
10108,S32_4485,31,87.76,56.13,2720.56,980.5300000000001
10108,S50_4713,34,74.85,34.17,2544.8999999999996,1383.1199999999997
10109,S18_1129,26,117.48,83.51,3054.48,883.22
10109,S18_1984,38,137.98,93.89,5243.24,1675.4199999999996
10109,S18_2870,26,126.72,56.76,3294.72,1818.9600000000003
10109,S18_3232,46,160.87,77.9,7400.02,3816.62
10109,S18_3685,47,125.74,62.16,5909.78,2988.2599999999998
10109,S24_2972,29,32.1,16.24,930.9000000000001,459.9400000000001
10110,S18_1589,37,118.22,65.96,4374.14,1933.6200000000001
10110,S18_1749,42,153.0,86.7,6426.0,2784.6
10110,S18_2248,32,51.46,33.3,1646.72,581.1200000000001
10110,S18_2325,33,115.69,58.48,3817.77,1887.93
10110,S18_2795,31,163.69,72.56,5074.39,2825.0299999999997
10110,S18_4409,28,81.91,43.26,2293.48,1082.2
10110,S18_4933,42,62.0,34.21,2604.0,1167.18
10110,S24_1046,36,72.02,49.24,2592.72,820.0799999999998
10110,S24_1628,29,43.27,29.18,1254.8300000000002,408.6100000000001
10110,S24_1937,20,28.88,22.57,577.6,126.19999999999997
10110,S24_2022,39,40.77,20.61,1590.0300000000002,786.2400000000001
10110,S24_2766,43,82.69,47.25,3555.67,1523.9199999999998
10110,S24_2887,46,112.74,72.82,5186.04,1836.3200000000002
10110,S24_3191,27,80.47,50.51,2172.69,808.9200000000001
10110,S24_3432,37,96.37,62.11,3565.69,1267.6200000000001
10110,S24_3969,48,35.29,21.75,1693.92,649.92
10111,S18_1342,33,87.33,60.62,2881.89,881.4300000000001
10111,S18_1367,48,48.52,24.26,2328.96,1164.48
10111,S18_2957,28,53.09,34.35,1486.52,524.72
10111,S18_3136,43,94.25,60.74,4052.75,1440.9299999999998
10111,S18_3320,39,91.27,57.54,3559.5299999999997,1315.4699999999998
10111,S24_4258,26,85.7,57.46,2228.2000000000003,734.24
10112,S10_1949,29,197.16,98.58,5717.64,2858.82
10112,S18_2949,23,85.1,60.78,1957.3,559.3599999999999
10113,S12_1666,21,121.64,77.9,2554.44,918.5399999999998
10113,S18_1097,49,101.5,58.33,4973.5,2115.33
10113,S18_4668,50,43.27,23.14,2163.5,1006.5000000000001
10113,S32_3522,23,58.82,33.61,1352.86,579.83
10114,S10_4962,31,128.53,103.42,3984.43,778.41
10114,S18_2319,39,106.78,74.86,4164.42,1244.88
10114,S18_2432,45,53.48,24.92,2406.6,1285.1999999999998
10114,S18_3232,48,169.34,77.9,8128.32,4389.12
10114,S18_4600,41,105.34,84.76,4318.9400000000005,843.78
10114,S24_2300,21,102.23,61.34,2146.83,858.69
10114,S24_2840,24,28.64,15.91,687.36,305.52
10114,S32_1268,32,88.61,53.93,2835.52,1109.76
10114,S32_2509,28,43.83,25.98,1227.24,499.79999999999995
10114,S700_2824,42,82.94,46.53,3483.48,1529.2199999999998
10115,S12_4473,46,111.39,55.7,5123.94,2561.74
10115,S18_2238,46,140.81,101.51,6477.26,1807.8
10115,S24_1444,47,56.64,32.37,2662.08,1140.69
10115,S24_4048,44,106.45,69.78,4683.8,1613.48
10115,S50_1392,27,100.7,68.29,2718.9,875.0699999999999
10116,S32_3207,27,60.28,26.72,1627.56,906.1200000000001
10117,S12_1108,33,195.33,95.59,6445.89,3291.42
10117,S12_3148,43,148.06,89.14,6366.58,2533.56
10117,S12_3891,39,173.02,83.05,6747.780000000001,3508.8300000000004
10117,S18_3140,26,121.57,68.3,3160.8199999999997,1385.02
10117,S18_3259,21,81.68,67.56,1715.2800000000002,296.5200000000001
10117,S18_4027,22,122.08,91.92,2685.7599999999998,663.52
10117,S18_4522,23,73.73,52.66,1695.7900000000002,484.6100000000002
10117,S24_2011,41,119.2,82.34,4887.2,1511.26
10117,S50_1514,21,55.65,37.49,1168.6499999999999,381.3599999999999
10117,S700_1938,38,75.35,43.3,2863.2999999999997,1217.8999999999999
10117,S700_3962,45,89.38,53.63,4022.1,1608.7499999999998
10117,S72_3212,50,52.42,33.3,2621.0,956.0000000000002
10118,S700_3505,36,86.15,51.09,3101.4,1262.16
10119,S10_4757,46,112.88,85.68,5192.48,1251.1999999999994
10119,S18_1662,43,151.38,77.27,6509.34,3186.73
10119,S18_3029,21,74.84,51.61,1571.64,487.8300000000001
10119,S18_3856,27,95.28,64.58,2572.56,828.9000000000001
10119,S24_2841,41,64.4,34.25,2640.4,1236.1500000000003
10119,S24_3151,35,72.58,46.91,2540.2999999999997,898.45
10119,S24_3420,20,63.12,26.3,1262.3999999999999,736.3999999999999
10119,S24_3816,35,82.18,48.64,2876.3,1173.9000000000003
10119,S24_3949,28,62.1,29.34,1738.8,917.2800000000002
10119,S700_1138,25,57.34,34.0,1433.5,583.5000000000001
10119,S700_2047,29,74.23,39.83,2152.67,997.6000000000001
10119,S700_2610,38,67.22,33.97,2554.36,1263.5
10119,S700_4002,26,63.67,36.27,1655.42,712.4
10119,S72_1253,28,40.22,32.77,1126.1599999999999,208.59999999999988
10120,S10_2016,29,118.94,68.99,3449.2599999999998,1448.5500000000002
10120,S10_4698,46,158.8,91.02,7304.8,3117.8800000000006
10120,S18_2581,29,82.79,49.0,2400.9100000000003,979.9100000000002
10120,S18_2625,46,57.54,24.23,2646.84,1532.2600000000002
10120,S24_1578,35,110.45,60.86,3865.75,1735.65
10120,S24_1785,39,93.01,66.74,3627.3900000000003,1024.5300000000004
10120,S24_2000,34,72.36,37.32,2460.24,1191.36
10120,S24_4278,29,71.73,36.23,2080.17,1029.5000000000002
10120,S32_1374,22,94.9,66.92,2087.8,615.5600000000001
10120,S32_4289,29,68.79,33.02,1994.91,1037.3300000000002
10120,S50_1341,49,41.46,27.06,2031.54,705.6000000000001
10120,S700_1691,47,91.34,51.15,4292.9800000000005,1888.9300000000003
10120,S700_2466,24,81.77,68.8,1962.48,311.28
10120,S700_2834,24,106.79,59.33,2562.96,1139.0400000000002
10120,S700_3167,43,72.0,54.4,3096.0,756.8000000000001
10121,S10_1678,34,86.13,48.81,2928.42,1268.8799999999997
10121,S12_2823,50,126.52,66.27,6326.0,3012.5
10121,S24_2360,32,58.18,47.1,1861.76,354.55999999999995
10121,S32_4485,25,95.93,56.13,2398.25,995.0000000000001
10121,S50_4713,44,72.41,34.17,3186.04,1682.5599999999997
10122,S12_1099,42,155.66,95.34,6537.72,2533.4399999999996
10122,S12_3380,37,113.92,75.16,4215.04,1434.1200000000001
10122,S12_3990,32,65.44,31.92,2094.08,1072.6399999999999
10122,S12_4675,20,104.8,58.73,2096.0,921.4
10122,S18_1129,34,114.65,83.51,3898.1000000000004,1058.76
10122,S18_1889,43,62.37,53.9,2681.91,364.2099999999999
10122,S18_1984,31,113.8,93.89,3527.7999999999997,617.2099999999999
10122,S18_3232,25,137.17,77.9,3429.2499999999995,1481.7499999999995
10122,S18_3278,21,69.15,49.05,1452.15,422.1000000000002
10122,S18_3482,21,133.76,73.49,2808.96,1265.6699999999998
10122,S18_3782,35,59.06,32.95,2067.1,913.85
10122,S18_4721,28,145.82,69.93,4082.96,2124.9199999999996
10122,S24_2972,39,34.74,16.24,1354.8600000000001,721.5000000000001
10122,S24_3371,34,50.82,38.58,1727.88,416.1600000000001
10122,S24_3856,43,136.22,98.3,5857.46,1630.5600000000002
10122,S24_4620,29,67.1,32.33,1945.8999999999999,1008.3299999999999
10122,S32_2206,31,33.79,24.14,1047.49,299.15
10123,S18_1589,26,120.71,65.96,3138.46,1423.5
10123,S18_2870,46,114.84,56.76,5282.64,2671.6800000000003
10123,S18_3685,34,117.26,62.16,3986.84,1873.4000000000003
10123,S24_1628,50,43.27,29.18,2163.5,704.5000000000002
10124,S18_1749,21,153.0,86.7,3213.0,1392.3
10124,S18_2248,42,58.12,33.3,2441.04,1042.44
10124,S18_2325,42,111.87,58.48,4698.54,2242.38
10124,S18_4409,36,75.46,43.26,2716.56,1159.1999999999998
10124,S18_4933,23,66.28,34.21,1524.44,737.61
10124,S24_1046,22,62.47,49.24,1374.34,291.05999999999995
10124,S24_1937,45,30.53,22.57,1373.8500000000001,358.20000000000005
10124,S24_2022,22,36.29,20.61,798.38,344.96
10124,S24_2766,32,74.51,47.25,2384.32,872.3200000000002
10124,S24_2887,25,93.95,72.82,2348.75,528.2500000000002
10124,S24_3191,49,76.19,50.51,3733.31,1258.32
10124,S24_3432,43,101.73,62.11,4374.39,1703.6600000000003
10124,S24_3969,46,36.11,21.75,1661.06,660.56
10125,S18_1342,32,89.38,60.62,2860.16,920.3199999999999
10125,S18_2795,34,138.38,72.56,4704.92,2237.8799999999997
10126,S10_1949,38,205.73,98.58,7817.74,4071.7
10126,S10_4962,22,122.62,103.42,2697.6400000000003,422.4000000000001
10126,S12_1666,21,135.3,77.9,2841.3,1205.4
10126,S18_1097,38,116.67,58.33,4433.46,2216.92
10126,S18_1367,42,51.21,24.26,2150.82,1131.8999999999999
10126,S18_2432,43,51.05,24.92,2195.15,1123.5899999999997
10126,S18_2949,31,93.21,60.78,2889.5099999999998,1005.3299999999998
10126,S18_2957,46,61.84,34.35,2844.6400000000003,1264.5400000000002
10126,S18_3136,30,93.2,60.74,2796.0,973.8000000000001
10126,S18_3320,38,94.25,57.54,3581.5,1394.98
10126,S18_4600,50,102.92,84.76,5146.0,907.9999999999998
10126,S18_4668,43,47.29,23.14,2033.47,1038.45
10126,S24_2300,27,122.68,61.34,3312.36,1656.18
10126,S24_4258,34,83.76,57.46,2847.84,894.2000000000002
10126,S32_1268,43,82.83,53.93,3561.69,1242.7
10126,S32_3522,26,62.05,33.61,1613.3,739.4399999999999
10126,S700_2824,45,97.1,46.53,4369.5,2275.6499999999996
10127,S12_1108,46,193.25,95.59,8889.5,4492.36
10127,S12_3148,46,140.5,89.14,6463.0,2362.56
10127,S12_3891,42,169.56,83.05,7121.52,3633.42
10127,S12_4473,24,100.73,55.7,2417.52,1080.72
10127,S18_2238,45,140.81,101.51,6336.45,1768.4999999999998
10127,S18_2319,45,114.14,74.86,5136.3,1767.6000000000001
10127,S18_3232,22,149.02,77.9,3278.44,1564.64
10127,S18_4027,25,126.39,91.92,3159.75,861.75
10127,S24_1444,20,50.86,32.37,1017.2,369.80000000000007
10127,S24_2840,39,34.3,15.91,1337.6999999999998,717.2099999999999
10127,S24_4048,20,107.63,69.78,2152.6,756.9999999999999
10127,S32_2509,45,46.53,25.98,2093.85,924.75
10127,S32_3207,29,60.9,26.72,1766.1,991.22
10127,S50_1392,46,111.12,68.29,5111.52,1970.1799999999998
10127,S50_1514,46,55.65,37.49,2559.9,835.3599999999999
10128,S18_3140,41,120.2,68.3,4928.2,2127.9
10128,S18_3259,41,80.67,67.56,3307.4700000000003,537.51
10128,S18_4522,43,77.24,52.66,3321.3199999999997,1056.9399999999998
10128,S700_1938,32,72.75,43.3,2328.0,942.4000000000001
10129,S10_4757,33,123.76,85.68,4084.0800000000004,1256.6399999999999
10129,S24_2011,45,113.06,82.34,5087.7,1382.3999999999999
10129,S24_3151,41,81.43,46.91,3338.63,1415.3200000000004
10129,S24_3816,50,76.31,48.64,3815.5,1383.5
10129,S700_1138,31,58.67,34.0,1818.77,764.7700000000001
10129,S700_2610,45,72.28,33.97,3252.6,1723.95
10129,S700_3505,42,90.15,51.09,3786.3,1640.52
10129,S700_3962,30,94.34,53.63,2830.2000000000003,1221.3
10129,S72_3212,32,44.23,33.3,1415.36,349.76
10130,S18_3029,40,68.82,51.61,2752.7999999999997,688.3999999999997
10130,S18_3856,33,99.52,64.58,3284.16,1153.02
10131,S18_1662,21,141.92,77.27,2980.3199999999997,1357.6499999999999
10131,S24_2841,35,60.97,34.25,2133.95,935.1999999999999
10131,S24_3420,29,52.6,26.3,1525.4,762.7
10131,S24_3949,50,54.59,29.34,2729.5,1262.5000000000002
10131,S700_2047,22,76.94,39.83,1692.6799999999998,816.42
10131,S700_2466,40,86.76,68.8,3470.4,718.4000000000003
10131,S700_4002,26,63.67,36.27,1655.42,712.4
10131,S72_1253,21,40.22,32.77,844.62,156.4499999999999
10132,S700_3167,36,80.0,54.4,2880.0,921.6
10133,S18_2581,49,80.26,49.0,3932.7400000000002,1531.7400000000002
10133,S24_1785,41,109.42,66.74,4486.22,1749.8800000000003
10133,S24_4278,46,61.58,36.23,2832.68,1166.1000000000001
10133,S32_1374,23,80.91,66.92,1860.9299999999998,321.76999999999987
10133,S32_4289,49,67.41,33.02,3303.0899999999997,1685.1099999999997
10133,S50_1341,27,37.09,27.06,1001.4300000000001,270.8100000000001
10133,S700_1691,24,76.73,51.15,1841.52,613.9200000000001
10133,S700_2834,27,115.09,59.33,3107.4300000000003,1505.5200000000002
10134,S10_1678,41,90.92,48.81,3727.7200000000003,1726.51
10134,S10_2016,27,116.56,68.99,3147.12,1284.39
10134,S10_4698,31,187.85,91.02,5823.349999999999,3001.73
10134,S12_2823,20,131.04,66.27,2620.7999999999997,1295.3999999999999
10134,S18_2625,30,51.48,24.23,1544.3999999999999,817.4999999999999
10134,S24_1578,35,94.67,60.86,3313.4500000000003,1183.3500000000001
10134,S24_2000,43,75.41,37.32,3242.6299999999997,1637.87
10135,S12_1099,42,173.17,95.34,7273.139999999999,3268.859999999999
10135,S12_3380,48,110.39,75.16,5298.72,1691.0400000000002
10135,S12_3990,24,72.62,31.92,1742.88,976.8000000000001
10135,S12_4675,29,103.64,58.73,3005.56,1302.39
10135,S18_1889,48,66.99,53.9,3215.5199999999995,628.3199999999998
10135,S18_3278,45,65.94,49.05,2967.2999999999997,760.0500000000001
10135,S18_3482,42,139.64,73.49,5864.879999999999,2778.2999999999997
10135,S18_3782,45,49.74,32.95,2238.3,755.55
10135,S18_4721,31,133.92,69.93,4151.5199999999995,1983.6899999999994
10135,S24_2360,29,67.18,47.1,1948.2200000000003,582.3200000000002
10135,S24_2972,20,34.36,16.24,687.2,362.40000000000003
10135,S24_3371,27,52.05,38.58,1405.35,363.68999999999994
10135,S24_3856,47,139.03,98.3,6534.41,1914.3100000000002
10135,S24_4620,23,76.8,32.33,1766.3999999999999,1022.81
10135,S32_2206,33,38.62,24.14,1274.4599999999998,477.8399999999999
10135,S32_4485,30,91.85,56.13,2755.5,1071.5999999999997
10135,S50_4713,44,78.92,34.17,3472.48,1969.0
10136,S18_1129,25,117.48,83.51,2937.0,849.25
10136,S18_1984,36,120.91,93.89,4352.76,972.7199999999998
10136,S18_3232,41,169.34,77.9,6942.9400000000005,3749.04
10137,S18_1589,44,115.73,65.96,5092.12,2189.8800000000006
10137,S18_2870,37,110.88,56.76,4102.5599999999995,2002.4399999999998
10137,S18_3685,31,118.68,62.16,3679.0800000000004,1752.1200000000003
10137,S24_1628,26,40.25,29.18,1046.5,287.82
10138,S18_1749,33,149.6,86.7,4936.8,2075.7
10138,S18_2248,22,51.46,33.3,1132.1200000000001,399.5200000000001
10138,S18_2325,38,114.42,58.48,4347.96,2125.7200000000003
10138,S18_4409,47,79.15,43.26,3720.05,1686.8300000000004
10138,S18_4933,23,64.86,34.21,1491.78,704.9499999999999
10138,S24_1046,45,59.53,49.24,2678.85,463.04999999999995
10138,S24_1937,22,33.19,22.57,730.18,233.63999999999993
10138,S24_2022,33,38.53,20.61,1271.49,591.36
10138,S24_2766,28,73.6,47.25,2060.7999999999997,737.7999999999998
10138,S24_2887,30,96.3,72.82,2889.0,704.4000000000001
10138,S24_3191,49,77.05,50.51,3775.45,1300.46
10138,S24_3432,21,99.58,62.11,2091.18,786.87
10138,S24_3969,29,32.82,21.75,951.78,321.03000000000003
10139,S18_1342,31,89.38,60.62,2770.7799999999997,891.56
10139,S18_1367,49,52.83,24.26,2588.67,1399.9299999999998
10139,S18_2795,41,151.88,72.56,6227.08,3252.12
10139,S18_2949,46,91.18,60.78,4194.280000000001,1398.4000000000003
10139,S18_2957,20,52.47,34.35,1049.4,362.4
10139,S18_3136,20,101.58,60.74,2031.6,816.8
10139,S18_3320,30,81.35,57.54,2440.5,714.2999999999998
10139,S24_4258,29,93.49,57.46,2711.21,1044.87
10140,S10_1949,37,186.44,98.58,6898.28,3250.82
10140,S10_4962,26,131.49,103.42,3418.7400000000002,729.8200000000002
10140,S12_1666,38,118.9,77.9,4518.2,1558.0
10140,S18_1097,32,95.67,58.33,3061.44,1194.88
10140,S18_2432,46,51.05,24.92,2348.2999999999997,1201.9799999999998
10140,S18_4600,40,100.5,84.76,4020.0,629.5999999999998
10140,S18_4668,29,40.25,23.14,1167.25,496.19
10140,S24_2300,47,118.84,61.34,5585.4800000000005,2702.5
10140,S32_1268,26,87.64,53.93,2278.64,876.46
10140,S32_3522,28,62.05,33.61,1737.3999999999999,796.3199999999999
10140,S700_2824,36,101.15,46.53,3641.4,1966.3200000000002
10141,S12_4473,21,114.95,55.7,2413.9500000000003,1244.25
10141,S18_2238,39,160.46,101.51,6257.9400000000005,2299.05
10141,S18_2319,47,103.09,74.86,4845.2300000000005,1326.8100000000002
10141,S18_3232,34,143.94,77.9,4893.96,2245.3599999999997
10141,S24_1444,20,50.86,32.37,1017.2,369.80000000000007
10141,S24_2840,21,32.18,15.91,675.78,341.67
10141,S24_4048,40,104.09,69.78,4163.6,1372.4
10141,S32_2509,24,53.03,25.98,1272.72,649.2
10141,S50_1392,44,94.92,68.29,4176.4800000000005,1171.7199999999998
10142,S12_1108,33,166.24,95.59,5485.92,2331.4500000000003
10142,S12_3148,33,140.5,89.14,4636.5,1694.8799999999999
10142,S12_3891,46,167.83,83.05,7720.18,3899.8800000000006
10142,S18_3140,47,129.76,68.3,6098.719999999999,2888.62
10142,S18_3259,22,95.8,67.56,2107.6,621.2799999999999
10142,S18_4027,24,122.08,91.92,2929.92,723.8399999999999
10142,S18_4522,24,79.87,52.66,1916.88,653.0400000000002
10142,S24_2011,33,114.29,82.34,3771.57,1054.3500000000001
10142,S24_3151,49,74.35,46.91,3643.1499999999996,1344.56
10142,S32_3207,42,60.9,26.72,2557.7999999999997,1435.56
10142,S50_1514,42,56.24,37.49,2362.08,787.5
10142,S700_1138,41,55.34,34.0,2268.94,874.9400000000002
10142,S700_1938,43,77.08,43.3,3314.44,1452.54
10142,S700_3505,21,92.16,51.09,1935.36,862.4699999999998
10142,S700_3962,38,91.37,53.63,3472.0600000000004,1434.1200000000001
10142,S72_3212,39,46.96,33.3,1831.44,532.7400000000001
10143,S10_4757,49,133.28,85.68,6530.72,2332.3999999999996
10143,S18_1662,32,126.15,77.27,4036.8,1564.1600000000003
10143,S18_3029,46,70.54,51.61,3244.84,870.7800000000003
10143,S18_3856,34,99.52,64.58,3383.68,1187.96
10143,S24_2841,27,63.71,34.25,1720.17,795.4200000000001
10143,S24_3420,33,59.83,26.3,1974.3899999999999,1106.49
10143,S24_3816,23,74.64,48.64,1716.72,598.0
10143,S24_3949,28,55.96,29.34,1566.88,745.36
10143,S50_1341,34,34.91,27.06,1186.9399999999998,266.8999999999999
10143,S700_1691,36,86.77,51.15,3123.72,1282.32
10143,S700_2047,26,87.8,39.83,2282.7999999999997,1247.22
10143,S700_2466,26,79.78,68.8,2074.28,285.48000000000013
10143,S700_2610,31,69.39,33.97,2151.09,1098.02
10143,S700_3167,28,70.4,54.4,1971.2000000000003,448.0000000000002
10143,S700_4002,34,65.15,36.27,2215.1000000000004,981.9200000000001
10143,S72_1253,37,49.66,32.77,1837.4199999999998,624.9299999999997
10144,S32_4289,20,56.41,33.02,1128.1999999999998,467.79999999999984
10145,S10_1678,45,76.56,48.81,3445.2000000000003,1248.75
10145,S10_2016,37,104.67,68.99,3872.79,1320.1600000000003
10145,S10_4698,33,154.93,91.02,5112.6900000000005,2109.03
10145,S12_2823,49,146.1,66.27,7158.9,3911.67
10145,S18_2581,30,71.81,49.0,2154.3,684.3000000000001
10145,S18_2625,30,52.7,24.23,1581.0,854.1
10145,S24_1578,43,103.68,60.86,4458.240000000001,1841.2600000000002
10145,S24_1785,40,87.54,66.74,3501.6000000000004,832.0000000000005
10145,S24_2000,47,63.98,37.32,3007.06,1253.0199999999998
10145,S24_2360,27,56.1,47.1,1514.7,243.0
10145,S24_4278,33,71.73,36.23,2367.09,1171.5000000000002
10145,S32_1374,33,99.89,66.92,3296.37,1088.01
10145,S32_2206,31,39.43,24.14,1222.33,473.98999999999995
10145,S32_4485,27,95.93,56.13,2590.11,1074.6000000000001
10145,S50_4713,38,73.22,34.17,2782.36,1483.8999999999999
10145,S700_2834,20,113.9,59.33,2278.0,1091.4
10146,S18_3782,47,60.3,32.95,2834.1,1285.4499999999998
10146,S18_4721,29,130.94,69.93,3797.2599999999998,1769.2899999999997
10147,S12_1099,48,161.49,95.34,7751.52,3175.2000000000003
10147,S12_3380,31,110.39,75.16,3422.09,1092.13
10147,S12_3990,21,74.21,31.92,1558.4099999999999,888.0899999999998
10147,S12_4675,33,97.89,58.73,3230.37,1292.2800000000002
10147,S18_1889,26,70.84,53.9,1841.8400000000001,440.4400000000001
10147,S18_3278,36,74.78,49.05,2692.08,926.2800000000002
10147,S18_3482,37,129.35,73.49,4785.95,2066.82
10147,S24_2972,25,33.23,16.24,830.7499999999999,424.74999999999994
10147,S24_3371,30,48.98,38.58,1469.3999999999999,311.99999999999994
10147,S24_3856,23,123.58,98.3,2842.34,581.44
10147,S24_4620,31,72.76,32.33,2255.56,1253.3300000000002
10148,S18_1129,23,114.65,83.51,2636.9500000000003,716.22
10148,S18_1589,47,108.26,65.96,5088.22,1988.1000000000006
10148,S18_1984,25,136.56,93.89,3414.0,1066.75
10148,S18_2870,27,113.52,56.76,3065.04,1532.52
10148,S18_3232,32,143.94,77.9,4606.08,2113.2799999999997
10148,S18_3685,28,135.63,62.16,3797.64,2057.16
10148,S18_4409,34,83.75,43.26,2847.5,1376.66
10148,S18_4933,29,66.28,34.21,1922.1200000000001,930.03
10148,S24_1046,25,65.41,49.24,1635.25,404.2499999999999
10148,S24_1628,47,46.29,29.18,2175.63,804.17
10148,S24_2766,21,77.24,47.25,1622.04,629.7899999999998
10148,S24_2887,34,115.09,72.82,3913.06,1437.1800000000003
10148,S24_3191,31,71.91,50.51,2229.21,663.4
10148,S24_3432,27,96.37,62.11,2601.9900000000002,925.0200000000001
10149,S18_1342,50,87.33,60.62,4366.5,1335.5
10149,S18_1367,30,48.52,24.26,1455.6000000000001,727.8000000000001
10149,S18_1749,34,156.4,86.7,5317.6,2369.8
10149,S18_2248,24,50.85,33.3,1220.4,421.2000000000001
10149,S18_2325,33,125.86,58.48,4153.38,2223.54
10149,S18_2795,23,167.06,72.56,3842.38,2173.5
10149,S18_3320,42,89.29,57.54,3750.1800000000003,1333.5000000000002
10149,S24_1937,36,31.2,22.57,1123.2,310.67999999999995
10149,S24_2022,49,39.87,20.61,1953.6299999999999,943.7399999999999
10149,S24_3969,26,38.57,21.75,1002.82,437.32
10149,S24_4258,20,90.57,57.46,1811.3999999999999,662.1999999999998
10150,S10_1949,45,182.16,98.58,8197.2,3761.1
10150,S10_4962,20,121.15,103.42,2423.0,354.6000000000001
10150,S12_1666,30,135.3,77.9,4059.0000000000005,1722.0000000000002
10150,S18_1097,34,95.67,58.33,3252.78,1269.5600000000002
10150,S18_2949,47,93.21,60.78,4380.87,1524.2099999999996
10150,S18_2957,30,56.21,34.35,1686.3,655.8
10150,S18_3136,26,97.39,60.74,2532.14,952.9
10150,S18_4600,49,111.39,84.76,5458.11,1304.87
10150,S18_4668,30,47.29,23.14,1418.7,724.5
10150,S32_3522,49,62.05,33.61,3040.45,1393.56
10150,S700_2824,20,95.08,46.53,1901.6,971.0
10151,S12_4473,24,114.95,55.7,2758.8,1422.0
10151,S18_2238,43,152.27,101.51,6547.610000000001,2182.6800000000003
10151,S18_2319,49,106.78,74.86,5232.22,1564.0800000000002
10151,S18_2432,39,58.34,24.92,2275.26,1303.38
10151,S18_3232,21,167.65,77.9,3520.65,1884.75
10151,S24_2300,42,109.9,61.34,4615.8,2039.52
10151,S24_2840,30,29.35,15.91,880.5,403.20000000000005
10151,S32_1268,27,84.75,53.93,2288.25,832.14
10151,S32_2509,41,43.29,25.98,1774.8899999999999,709.7099999999999
10151,S50_1392,26,108.81,68.29,2829.06,1053.52
10152,S18_4027,35,117.77,91.92,4121.95,904.7499999999998
10152,S24_1444,25,49.13,32.37,1228.25,419.0000000000001
10152,S24_4048,23,112.37,69.78,2584.51,979.57
10152,S32_3207,33,57.17,26.72,1886.6100000000001,1004.8500000000001
10153,S12_1108,20,201.57,95.59,4031.3999999999996,2119.6
10153,S12_3148,42,128.42,89.14,5393.639999999999,1649.7599999999995
10153,S12_3891,49,155.72,83.05,7630.28,3560.83
10153,S18_3140,31,125.66,68.3,3895.46,1778.16
10153,S18_3259,29,82.69,67.56,2398.0099999999998,438.76999999999987
10153,S18_4522,22,82.5,52.66,1815.0,656.48
10153,S24_2011,40,111.83,82.34,4473.2,1179.6
10153,S50_1514,31,53.31,37.49,1652.6100000000001,490.42
10153,S700_1138,43,58.0,34.0,2494.0,1032.0
10153,S700_1938,31,80.55,43.3,2497.0499999999997,1154.75
10153,S700_3505,50,87.15,51.09,4357.5,1803.0
10153,S700_3962,20,85.41,53.63,1708.1999999999998,635.5999999999999
10153,S72_3212,50,51.87,33.3,2593.5,928.5
10154,S24_3151,31,75.23,46.91,2332.13,877.9200000000002
10154,S700_2610,36,59.27,33.97,2133.7200000000003,910.8000000000002
10155,S10_4757,32,129.2,85.68,4134.4,1392.6399999999994
10155,S18_1662,38,138.77,77.27,5273.26,2337.0000000000005
10155,S18_3029,44,83.44,51.61,3671.3599999999997,1400.52
10155,S18_3856,29,105.87,64.58,3070.23,1197.41
10155,S24_2841,23,62.34,34.25,1433.8200000000002,646.07
10155,S24_3420,34,56.55,26.3,1922.6999999999998,1028.4999999999998
10155,S24_3816,37,76.31,48.64,2823.4700000000003,1023.7900000000001
10155,S24_3949,44,58.69,29.34,2582.3599999999997,1291.3999999999999
10155,S700_2047,32,89.61,39.83,2867.52,1592.96
10155,S700_2466,20,87.75,68.8,1755.0,379.00000000000006
10155,S700_3167,43,76.8,54.4,3302.4,963.1999999999999
10155,S700_4002,44,70.33,36.27,3094.52,1498.6399999999999
10155,S72_1253,34,49.16,32.77,1671.4399999999998,557.2599999999998
10156,S50_1341,20,43.64,27.06,872.8,331.6
10156,S700_1691,48,77.64,51.15,3726.7200000000003,1271.52
10157,S18_2581,33,69.27,49.0,2285.91,668.9099999999999
10157,S24_1785,40,89.72,66.74,3588.8,919.2000000000002
10157,S24_4278,33,66.65,36.23,2199.4500000000003,1003.8600000000002
10157,S32_1374,34,83.91,66.92,2852.94,577.6599999999999
10157,S32_4289,28,56.41,33.02,1579.48,654.9199999999998
10157,S700_2834,48,109.16,59.33,5239.68,2391.84
10158,S24_2000,22,67.79,37.32,1491.38,670.3400000000001
10159,S10_1678,49,81.35,48.81,3986.1499999999996,1594.4599999999996
10159,S10_2016,37,101.1,68.99,3740.7,1188.07
10159,S10_4698,22,170.42,91.02,3749.24,1746.7999999999997
10159,S12_1099,41,188.73,95.34,7737.929999999999,3828.9899999999993
10159,S12_2823,38,131.04,66.27,4979.5199999999995,2461.2599999999998
10159,S12_3990,24,67.03,31.92,1608.72,842.64
10159,S18_2625,42,51.48,24.23,2162.16,1144.4999999999998
10159,S18_3278,21,66.74,49.05,1401.54,371.48999999999995
10159,S18_3482,25,129.35,73.49,3233.75,1396.5
10159,S18_3782,21,54.71,32.95,1148.91,456.96
10159,S18_4721,32,142.85,69.93,4571.2,2333.4399999999996
10159,S24_1578,44,100.3,60.86,4413.2,1735.36
10159,S24_2360,27,67.18,47.1,1813.8600000000001,542.1600000000002
10159,S24_3371,50,49.6,38.58,2480.0,551.0000000000001
10159,S24_4620,23,80.84,32.33,1859.3200000000002,1115.73
10159,S32_2206,35,39.43,24.14,1380.05,535.15
10159,S32_4485,23,86.74,56.13,1995.02,704.0299999999999
10159,S50_4713,31,78.11,34.17,2421.41,1362.1399999999999
10160,S12_3380,46,96.3,75.16,4429.8,972.44
10160,S12_4675,50,93.28,58.73,4664.0,1727.5000000000002
10160,S18_1889,38,70.84,53.9,2691.92,643.7200000000001
10160,S18_3232,20,140.55,77.9,2811.0,1253.0
10160,S24_2972,42,30.59,16.24,1284.78,602.7
10160,S24_3856,35,130.6,98.3,4571.0,1130.5
10161,S18_1129,28,121.72,83.51,3408.16,1069.8799999999999
10161,S18_1589,43,102.04,65.96,4387.72,1551.4400000000005
10161,S18_1984,48,139.41,93.89,6691.68,2184.96
10161,S18_2870,23,125.4,56.76,2884.2000000000003,1578.7200000000003
10161,S18_3685,36,132.8,62.16,4780.8,2543.0400000000004
10161,S18_4933,25,62.72,34.21,1568.0,712.75
10161,S24_1046,37,73.49,49.24,2719.1299999999997,897.2499999999998
10161,S24_1628,23,47.29,29.18,1087.67,416.53
10161,S24_2766,20,82.69,47.25,1653.8,708.8
10161,S24_2887,25,108.04,72.82,2701.0,880.5000000000003
10161,S24_3191,20,72.77,50.51,1455.3999999999999,445.19999999999993
10161,S24_3432,30,94.23,62.11,2826.9,963.6000000000001
10162,S18_1342,48,87.33,60.62,4191.84,1282.08
10162,S18_1367,45,45.28,24.26,2037.6000000000001,945.9
10162,S18_1749,29,141.1,86.7,4091.8999999999996,1577.5999999999997
10162,S18_2248,27,53.28,33.3,1438.56,539.4600000000002
10162,S18_2325,38,113.15,58.48,4299.7,2077.4600000000005
10162,S18_2795,48,156.94,72.56,7533.12,4050.24
10162,S18_4409,39,86.51,43.26,3373.8900000000003,1686.7500000000002
10162,S24_1937,37,27.55,22.57,1019.35,184.26000000000002
10162,S24_2022,43,38.98,20.61,1676.1399999999999,789.9099999999999
10162,S24_3969,37,32.82,21.75,1214.34,409.59000000000003
10163,S10_1949,21,212.16,98.58,4455.36,2385.18
10163,S18_2949,31,101.31,60.78,3140.61,1256.43
10163,S18_2957,48,59.96,34.35,2878.08,1229.28
10163,S18_3136,40,101.58,60.74,4063.2,1633.6
10163,S18_3320,43,80.36,57.54,3455.48,981.26
10163,S24_4258,42,96.42,57.46,4049.64,1636.32
10164,S10_4962,21,143.31,103.42,3009.51,837.69
10164,S12_1666,49,121.64,77.9,5960.36,2143.2599999999998
10164,S18_1097,36,103.84,58.33,3738.2400000000002,1638.3600000000001
10164,S18_4600,45,107.76,84.76,4849.2,1035.0
10164,S18_4668,25,46.29,23.14,1157.25,578.75
10164,S32_1268,24,91.49,53.93,2195.7599999999998,901.4399999999998
10164,S32_3522,49,57.53,33.61,2818.9700000000003,1172.0800000000002
10164,S700_2824,39,86.99,46.53,3392.6099999999997,1577.9399999999998
10165,S12_1108,44,168.32,95.59,7406.08,3200.1199999999994
10165,S12_3148,34,123.89,89.14,4212.26,1181.5
10165,S12_3891,27,152.26,83.05,4111.0199999999995,1868.6699999999998
10165,S12_4473,48,109.02,55.7,5232.96,2559.3599999999997
10165,S18_2238,29,134.26,101.51,3893.54,949.7499999999995
10165,S18_2319,46,120.28,74.86,5532.88,2089.32
10165,S18_2432,31,60.77,24.92,1883.8700000000001,1111.3500000000001
10165,S18_3232,47,154.1,77.9,7242.7,3581.3999999999996
10165,S18_3259,50,84.71,67.56,4235.5,857.4999999999995
10165,S18_4027,28,123.51,91.92,3458.28,884.5200000000001
10165,S24_1444,25,46.82,32.37,1170.5,361.25000000000006
10165,S24_2300,32,117.57,61.34,3762.24,1799.3599999999997
10165,S24_2840,27,31.12,15.91,840.24,410.67
10165,S24_4048,24,106.45,69.78,2554.8,880.08
10165,S32_2509,48,50.86,25.98,2441.2799999999997,1194.24
10165,S32_3207,44,55.3,26.72,2433.2,1257.52
10165,S50_1392,48,106.49,68.29,5111.5199999999995,1833.5999999999995
10165,S50_1514,38,49.21,37.49,1869.98,445.35999999999996
10166,S18_3140,43,136.59,68.3,5873.37,2936.4700000000003
10166,S18_4522,26,72.85,52.66,1894.1,524.9399999999999
10166,S700_1938,29,76.22,43.3,2210.38,954.6800000000001
10167,S10_4757,44,123.76,85.68,5445.4400000000005,1675.52
10167,S18_1662,43,141.92,77.27,6102.5599999999995,2779.95
10167,S18_3029,46,69.68,51.61,3205.28,831.2200000000004
10167,S18_3856,34,84.7,64.58,2879.8,684.0800000000002
10167,S24_2011,33,110.6,82.34,3649.7999999999997,932.5799999999997
10167,S24_2841,21,54.81,34.25,1151.01,431.76000000000005
10167,S24_3151,20,77.0,46.91,1540.0,601.8000000000001
10167,S24_3420,32,64.44,26.3,2062.08,1220.48
10167,S24_3816,29,73.8,48.64,2140.2,729.6399999999999
10167,S700_1138,43,66.0,34.0,2838.0,1376.0
10167,S700_2047,29,87.8,39.83,2546.2,1391.1299999999999
10167,S700_2610,46,62.16,33.97,2859.3599999999997,1296.7399999999998
10167,S700_3505,24,85.14,51.09,2043.3600000000001,817.1999999999999
10167,S700_3962,28,83.42,53.63,2335.76,834.12
10167,S72_1253,40,42.71,32.77,1708.4,397.5999999999999
10167,S72_3212,38,43.68,33.3,1659.84,394.4400000000001
10168,S10_1678,36,94.74,48.81,3410.64,1653.4799999999998
10168,S10_2016,27,97.53,68.99,2633.31,770.5800000000002
10168,S10_4698,20,160.74,91.02,3214.8,1394.4000000000003
10168,S18_2581,21,75.19,49.0,1578.99,549.99
10168,S18_2625,46,49.06,24.23,2256.76,1142.18
10168,S24_1578,50,103.68,60.86,5184.0,2141.0000000000005
10168,S24_1785,49,93.01,66.74,4557.490000000001,1287.2300000000005
10168,S24_2000,29,72.36,37.32,2098.44,1016.16
10168,S24_3949,27,57.32,29.34,1547.64,755.46
10168,S24_4278,48,68.1,36.23,3268.7999999999997,1529.7599999999998
10168,S32_1374,28,89.9,66.92,2517.2000000000003,643.44
10168,S32_4289,31,57.78,33.02,1791.18,767.56
10168,S50_1341,48,39.71,27.06,1906.08,607.2
10168,S700_1691,28,91.34,51.15,2557.52,1125.3200000000002
10168,S700_2466,31,87.75,68.8,2720.25,587.45
10168,S700_2834,36,94.92,59.33,3417.12,1281.2400000000002
10168,S700_3167,48,72.0,54.4,3456.0,844.8000000000001
10168,S700_4002,39,67.37,36.27,2627.4300000000003,1212.9
10169,S12_1099,30,163.44,95.34,4903.2,2042.9999999999998
10169,S12_2823,35,126.52,66.27,4428.2,2108.75
10169,S12_3990,36,71.82,31.92,2585.5199999999995,1436.3999999999996
10169,S18_3278,32,65.13,49.05,2084.16,514.56
10169,S18_3482,36,136.7,73.49,4921.2,2275.56
10169,S18_3782,38,52.84,32.95,2007.92,755.82
10169,S18_4721,33,120.53,69.93,3977.4900000000002,1669.7999999999997
10169,S24_2360,38,66.49,47.1,2526.62,736.8199999999997
10169,S24_3371,34,53.27,38.58,1811.18,499.46000000000015
10169,S24_4620,24,77.61,32.33,1862.6399999999999,1086.72
10169,S32_2206,26,37.01,24.14,962.26,334.61999999999995
10169,S32_4485,34,83.68,56.13,2845.1200000000003,936.7000000000002
10169,S50_4713,48,75.66,34.17,3631.68,1991.5199999999998
10170,S12_3380,47,116.27,75.16,5464.69,1932.17
10170,S12_4675,41,93.28,58.73,3824.48,1416.5500000000002
10170,S18_1889,20,70.07,53.9,1401.3999999999999,323.39999999999986
10170,S24_3856,34,130.6,98.3,4440.4,1098.1999999999998
10171,S18_1129,35,134.46,83.51,4706.1,1783.25
10171,S18_1984,35,128.03,93.89,4481.05,1194.9
10171,S18_3232,39,165.95,77.9,6472.049999999999,3433.9499999999994
10171,S24_2972,36,34.74,16.24,1250.64,666.0000000000001
10172,S18_1589,42,109.51,65.96,4599.42,1829.1000000000004
10172,S18_2870,39,117.48,56.76,4581.72,2368.0800000000004
10172,S18_3685,48,139.87,62.16,6713.76,3730.0800000000004
10172,S24_1046,32,61.0,49.24,1952.0,376.31999999999994
10172,S24_1628,34,43.27,29.18,1471.18,479.0600000000001
10172,S24_2766,22,79.97,47.25,1759.34,719.8399999999999
10172,S24_3191,24,77.91,50.51,1869.84,657.5999999999999
10172,S24_3432,22,87.81,62.11,1931.8200000000002,565.4000000000001
10173,S18_1342,43,101.71,60.62,4373.53,1766.87
10173,S18_1367,48,51.75,24.26,2484.0,1319.52
10173,S18_1749,24,168.3,86.7,4039.2000000000003,1958.4
10173,S18_2248,26,55.09,33.3,1432.3400000000001,566.5400000000002
10173,S18_2325,31,127.13,58.48,3941.0299999999997,2128.15
10173,S18_2795,22,140.06,72.56,3081.32,1485.0
10173,S18_2957,28,56.84,34.35,1591.52,629.72
10173,S18_3136,31,86.92,60.74,2694.52,811.58
10173,S18_3320,29,90.28,57.54,2618.12,949.46
10173,S18_4409,21,77.31,43.26,1623.51,715.0500000000001
10173,S18_4933,39,58.44,34.21,2279.16,944.9699999999999
10173,S24_1937,31,29.87,22.57,925.97,226.3
10173,S24_2022,27,39.42,20.61,1064.3400000000001,507.87000000000006
10173,S24_2887,23,98.65,72.82,2268.9500000000003,594.0900000000003
10173,S24_3969,35,35.7,21.75,1249.5,488.2500000000001
10173,S24_4258,22,93.49,57.46,2056.7799999999997,792.6599999999999
10174,S10_1949,34,207.87,98.58,7067.58,3715.86
10174,S12_1666,43,113.44,77.9,4877.92,1528.2199999999996
10174,S18_1097,48,108.5,58.33,5208.0,2408.16
10174,S18_2949,46,100.3,60.78,4613.8,1817.9199999999998
10174,S18_4668,49,44.27,23.14,2169.23,1035.3700000000001
10175,S10_4962,33,119.67,103.42,3949.11,536.25
10175,S12_4473,26,109.02,55.7,2834.52,1386.3199999999997
10175,S18_2319,48,101.87,74.86,4889.76,1296.4800000000002
10175,S18_2432,41,59.55,24.92,2441.5499999999997,1419.83
10175,S18_3232,29,150.71,77.9,4370.59,2111.4900000000002
10175,S18_4600,47,102.92,84.76,4837.24,853.5199999999999
10175,S24_2300,28,121.4,61.34,3399.2000000000003,1681.68
10175,S24_2840,37,32.18,15.91,1190.66,601.99
10175,S32_1268,22,89.57,53.93,1970.54,784.0799999999998
10175,S32_2509,50,50.86,25.98,2543.0,1244.0
10175,S32_3522,29,56.24,33.61,1630.96,656.2700000000001
10175,S700_2824,42,80.92,46.53,3398.64,1444.38
10176,S12_1108,33,166.24,95.59,5485.92,2331.4500000000003
10176,S12_3148,47,145.04,89.14,6816.879999999999,2627.2999999999997
10176,S12_3891,50,160.91,83.05,8045.5,3893.0
10176,S18_2238,20,139.17,101.51,2783.3999999999996,753.1999999999996
10176,S18_4027,36,140.75,91.92,5067.0,1757.8799999999999
10176,S24_1444,27,55.49,32.37,1498.23,624.2400000000001
10176,S24_4048,29,101.72,69.78,2949.88,926.26
10176,S32_3207,22,62.14,26.72,1367.08,779.24
10176,S50_1392,23,109.96,68.29,2529.08,958.4099999999997
10176,S50_1514,38,52.14,37.49,1981.32,556.6999999999999
10177,S18_3140,23,113.37,68.3,2607.51,1036.6100000000001
10177,S18_3259,29,92.77,67.56,2690.33,731.0899999999998
10177,S18_4522,35,82.5,52.66,2887.5,1044.4
10177,S24_2011,50,115.52,82.34,5776.0,1658.9999999999995
10177,S24_3151,45,79.66,46.91,3584.7,1473.75
10177,S700_1138,24,58.67,34.0,1408.08,592.08
10177,S700_1938,31,77.95,43.3,2416.4500000000003,1074.15
10177,S700_2610,32,64.33,33.97,2058.56,971.52
10177,S700_3505,44,88.15,51.09,3878.6000000000004,1630.64
10177,S700_3962,24,83.42,53.63,2002.08,714.96
10177,S72_3212,40,52.96,33.3,2118.4,786.4000000000001
10178,S10_4757,24,131.92,85.68,3166.08,1109.7599999999995
10178,S18_1662,42,127.73,77.27,5364.66,2119.32
10178,S18_3029,41,70.54,51.61,2892.1400000000003,776.1300000000003
10178,S18_3856,48,104.81,64.58,5030.88,1931.0400000000002
10178,S24_2841,34,67.82,34.25,2305.8799999999997,1141.3799999999997
10178,S24_3420,27,65.75,26.3,1775.25,1065.15
10178,S24_3816,21,68.77,48.64,1444.1699999999998,422.7299999999999
10178,S24_3949,30,64.15,29.34,1924.5000000000002,1044.3000000000002
10178,S700_2047,34,86.9,39.83,2954.6000000000004,1600.3800000000003
10178,S700_2466,22,91.74,68.8,2018.28,504.67999999999995
10178,S700_4002,45,68.11,36.27,3064.95,1432.7999999999997
10178,S72_1253,45,41.71,32.77,1876.95,402.2999999999999
10179,S18_2581,24,82.79,49.0,1986.96,810.9600000000002
10179,S24_1785,47,105.04,66.74,4936.88,1800.1000000000006
10179,S24_4278,27,66.65,36.23,1799.5500000000002,821.3400000000003
10179,S32_1374,45,86.9,66.92,3910.5000000000005,899.1000000000001
10179,S32_4289,24,63.97,33.02,1535.28,742.8
10179,S50_1341,34,43.2,27.06,1468.8000000000002,548.7600000000001
10179,S700_1691,23,75.81,51.15,1743.63,567.1800000000001
10179,S700_2834,25,98.48,59.33,2462.0,978.7500000000001
10179,S700_3167,39,80.0,54.4,3120.0,998.4000000000001
10180,S10_1678,29,76.56,48.81,2220.2400000000002,804.75
10180,S10_2016,42,99.91,68.99,4196.22,1298.64
10180,S10_4698,41,164.61,91.02,6749.01,3017.1900000000005
10180,S12_2823,40,131.04,66.27,5241.599999999999,2590.7999999999997
10180,S18_2625,25,48.46,24.23,1211.5,605.75
10180,S18_3782,21,59.06,32.95,1240.26,548.31
10180,S18_4721,44,147.31,69.93,6481.64,3404.72
10180,S24_1578,48,98.05,60.86,4706.4,1785.12
10180,S24_2000,28,61.7,37.32,1727.6000000000001,682.6400000000001
10180,S24_2360,35,60.95,47.1,2133.25,484.75000000000006
10180,S24_4620,28,68.71,32.33,1923.8799999999999,1018.6399999999999
10180,S32_2206,34,33.39,24.14,1135.26,314.5
10180,S32_4485,22,102.05,56.13,2245.1,1010.2399999999999
10180,S50_4713,21,74.85,34.17,1571.85,854.2799999999999
10181,S12_1099,27,155.66,95.34,4202.82,1628.6399999999999
10181,S12_3380,28,113.92,75.16,3189.76,1085.2800000000002
10181,S12_3990,20,67.03,31.92,1340.6,702.2
10181,S12_4675,36,107.1,58.73,3855.6,1741.32
10181,S18_1129,44,124.56,83.51,5480.64,1806.1999999999998
10181,S18_1589,42,124.44,65.96,5226.48,2456.1600000000003
10181,S18_1889,22,74.69,53.9,1643.1799999999998,457.38
10181,S18_1984,21,129.45,93.89,2718.45,746.7599999999998
10181,S18_2870,27,130.68,56.76,3528.36,1995.8400000000004
10181,S18_3232,45,147.33,77.9,6629.85,3124.3500000000004
10181,S18_3278,30,73.17,49.05,2195.1,723.6000000000001
10181,S18_3482,22,120.53,73.49,2651.66,1034.88
10181,S18_3685,39,137.04,62.16,5344.5599999999995,2920.3199999999997
10181,S24_1628,34,45.28,29.18,1539.52,547.4000000000001
10181,S24_2972,37,32.85,16.24,1215.45,614.5700000000002
10181,S24_3371,23,54.49,38.58,1253.27,365.93000000000006
10181,S24_3856,25,122.17,98.3,3054.25,596.7500000000001
10182,S18_1342,25,83.22,60.62,2080.5,565.0
10182,S18_1367,32,44.21,24.26,1414.72,638.4
10182,S18_1749,44,159.8,86.7,7031.200000000001,3216.4000000000005
10182,S18_2248,38,54.49,33.3,2070.62,805.2200000000001
10182,S18_2325,20,105.52,58.48,2110.4,940.8
10182,S18_2795,21,135.0,72.56,2835.0,1311.24
10182,S18_3320,33,86.31,57.54,2848.23,949.4100000000001
10182,S18_4409,36,88.35,43.26,3180.6,1623.2399999999998
10182,S18_4933,44,61.29,34.21,2696.7599999999998,1191.52
10182,S24_1046,47,63.2,49.24,2970.4,656.12
10182,S24_1937,39,31.86,22.57,1242.54,362.30999999999995
10182,S24_2022,31,39.87,20.61,1235.97,597.06
10182,S24_2766,36,87.24,47.25,3140.64,1439.6399999999999
10182,S24_2887,20,116.27,72.82,2325.4,869.0
10182,S24_3191,33,73.62,50.51,2429.46,762.6300000000002
10182,S24_3432,49,95.3,62.11,4669.7,1626.31
10182,S24_3969,23,34.88,21.75,802.24,301.99000000000007
10183,S10_1949,23,180.01,98.58,4140.23,1872.8899999999999
10183,S10_4962,28,127.06,103.42,3557.6800000000003,661.9200000000001
10183,S12_1666,41,114.8,77.9,4706.8,1512.8999999999996
10183,S18_1097,21,108.5,58.33,2278.5,1053.57
10183,S18_2949,37,91.18,60.78,3373.6600000000003,1124.8000000000002
10183,S18_2957,39,51.22,34.35,1997.58,657.93
10183,S18_3136,22,90.06,60.74,1981.3200000000002,645.04
10183,S18_4600,21,118.66,84.76,2491.86,711.8999999999999
10183,S18_4668,40,42.26,23.14,1690.3999999999999,764.8
10183,S24_4258,47,81.81,57.46,3845.07,1144.45
10183,S32_3522,49,52.36,33.61,2565.64,918.75
10183,S700_2824,23,85.98,46.53,1977.5400000000002,907.35
10184,S12_4473,37,105.47,55.7,3902.39,1841.4899999999998
10184,S18_2238,46,145.72,101.51,6703.12,2033.6599999999996
10184,S18_2319,46,119.05,74.86,5476.3,2032.7399999999998
10184,S18_2432,44,60.77,24.92,2673.88,1577.4
10184,S18_3232,28,165.95,77.9,4646.599999999999,2465.3999999999996
10184,S24_1444,31,57.22,32.37,1773.82,770.35
10184,S24_2300,24,117.57,61.34,2821.68,1349.5199999999998
10184,S24_2840,42,30.06,15.91,1262.52,594.3
10184,S24_4048,49,114.73,69.78,5621.77,2202.55
10184,S32_1268,46,84.75,53.93,3898.5,1417.72
10184,S32_2509,33,52.49,25.98,1732.17,874.83
10184,S32_3207,48,59.03,26.72,2833.44,1550.88
10184,S50_1392,45,92.6,68.29,4167.0,1093.9499999999994
10185,S12_1108,21,195.33,95.59,4101.93,2094.54
10185,S12_3148,33,146.55,89.14,4836.150000000001,1894.5300000000004
10185,S12_3891,43,147.07,83.05,6324.009999999999,2752.8599999999997
10185,S18_3140,28,124.3,68.3,3480.4,1568.0
10185,S18_3259,49,94.79,67.56,4644.71,1334.2700000000002
10185,S18_4027,39,127.82,91.92,4984.98,1400.0999999999997
10185,S18_4522,47,87.77,52.66,4125.19,1650.17
10185,S24_2011,30,105.69,82.34,3170.7,700.4999999999998
10185,S24_3151,33,83.2,46.91,2745.6,1197.5700000000002
10185,S50_1514,20,46.86,37.49,937.2,187.39999999999995
10185,S700_1138,21,64.67,34.0,1358.07,644.07
10185,S700_1938,30,79.68,43.3,2390.4,1091.4000000000003
10185,S700_2610,39,61.44,33.97,2396.16,1071.33
10185,S700_3505,37,99.17,51.09,3669.29,1778.96
10185,S700_3962,22,93.35,53.63,2053.7,873.8399999999998
10185,S72_3212,28,47.5,33.3,1330.0,397.6000000000001
10186,S10_4757,26,108.8,85.68,2828.7999999999997,601.1199999999998
10186,S18_1662,32,137.19,77.27,4390.08,1917.44
10186,S18_3029,32,73.12,51.61,2339.84,688.3200000000002
10186,S18_3856,46,98.46,64.58,4529.16,1558.4799999999998
10186,S24_2841,22,60.29,34.25,1326.3799999999999,572.88
10186,S24_3420,21,59.83,26.3,1256.43,704.13
10186,S24_3816,36,68.77,48.64,2475.72,724.6799999999998
10186,S700_2047,24,80.56,39.83,1933.44,977.5200000000001
10186,S72_1253,28,42.71,32.77,1195.88,278.31999999999994
10187,S18_2581,45,70.12,49.0,3155.4,950.4000000000002
10187,S24_1785,46,96.29,66.74,4429.34,1359.3000000000006
10187,S24_3949,43,55.96,29.34,2406.28,1144.66
10187,S24_4278,33,64.48,36.23,2127.84,932.2500000000002
10187,S32_4289,31,61.22,33.02,1897.82,874.1999999999998
10187,S50_1341,41,39.71,27.06,1628.1100000000001,518.6500000000001
10187,S700_1691,34,84.95,51.15,2888.3,1149.2
10187,S700_2466,44,95.73,68.8,4212.12,1184.9200000000003
10187,S700_3167,34,72.0,54.4,2448.0,598.4000000000001
10187,S700_4002,44,70.33,36.27,3094.52,1498.6399999999999
10188,S10_1678,48,95.7,48.81,4593.6,2250.7200000000003
10188,S10_2016,38,111.8,68.99,4248.4,1626.7800000000002
10188,S10_4698,45,182.04,91.02,8191.799999999999,4095.8999999999996
10188,S18_2625,32,52.09,24.23,1666.88,891.5200000000001
10188,S24_1578,25,95.8,60.86,2395.0,873.5
10188,S24_2000,40,61.7,37.32,2468.0,975.2
10188,S32_1374,44,81.91,66.92,3604.04,659.5599999999997
10188,S700_2834,29,96.11,59.33,2787.19,1066.6200000000001
10189,S12_2823,28,138.57,66.27,3879.96,2024.3999999999999
10190,S24_2360,42,58.87,47.1,2472.54,494.3399999999998
10190,S32_2206,46,38.62,24.14,1776.52,666.0799999999998
10190,S32_4485,42,89.8,56.13,3771.6,1414.1399999999999
10190,S50_4713,40,67.53,34.17,2701.2,1334.4
10191,S12_1099,21,155.66,95.34,3268.86,1266.7199999999998
10191,S12_3380,40,104.52,75.16,4180.8,1174.4
10191,S12_3990,30,70.22,31.92,2106.6,1149.0
10191,S18_3278,36,75.59,49.05,2721.2400000000002,955.4400000000003
10191,S18_3482,23,119.06,73.49,2738.38,1048.1100000000001
10191,S18_3782,43,60.93,32.95,2619.99,1203.1399999999999
10191,S18_4721,32,136.9,69.93,4380.8,2143.04
10191,S24_3371,48,53.27,38.58,2556.96,705.1200000000002
10191,S24_4620,44,77.61,32.33,3414.84,1992.3200000000002
10192,S12_4675,27,99.04,58.73,2674.0800000000004,1088.3700000000003
10192,S18_1129,22,140.12,83.51,3082.6400000000003,1245.42
10192,S18_1589,29,100.8,65.96,2923.2,1010.3600000000001
10192,S18_1889,45,70.84,53.9,3187.8,762.3000000000002
10192,S18_1984,47,128.03,93.89,6017.41,1604.58
10192,S18_2870,38,110.88,56.76,4213.44,2056.56
10192,S18_3232,26,137.17,77.9,3566.4199999999996,1541.0199999999995
10192,S18_3685,45,125.74,62.16,5658.3,2861.1
10192,S24_1046,37,72.02,49.24,2664.74,842.8599999999998
10192,S24_1628,47,49.3,29.18,2317.1,945.6399999999999
10192,S24_2766,46,86.33,47.25,3971.18,1797.6799999999998
10192,S24_2887,23,112.74,72.82,2593.02,918.1600000000001
10192,S24_2972,30,33.23,16.24,996.8999999999999,509.69999999999993
10192,S24_3191,32,69.34,50.51,2218.88,602.5600000000002
10192,S24_3432,46,93.16,62.11,4285.36,1428.3
10192,S24_3856,45,112.34,98.3,5055.3,631.8000000000003
10193,S18_1342,28,92.47,60.62,2589.16,891.8000000000001
10193,S18_1367,46,46.36,24.26,2132.56,1016.5999999999999
10193,S18_1749,21,153.0,86.7,3213.0,1392.3
10193,S18_2248,42,60.54,33.3,2542.68,1144.0800000000002
10193,S18_2325,44,115.69,58.48,5090.36,2517.2400000000002
10193,S18_2795,22,143.44,72.56,3155.68,1559.36
10193,S18_2949,28,87.13,60.78,2439.64,737.7999999999998
10193,S18_2957,24,53.09,34.35,1274.16,449.76000000000005
10193,S18_3136,23,97.39,60.74,2239.97,842.9499999999999
10193,S18_3320,32,79.37,57.54,2539.84,698.5600000000002
10193,S18_4409,24,92.03,43.26,2208.7200000000003,1170.48
10193,S18_4933,25,66.28,34.21,1657.0,801.75
10193,S24_1937,26,32.19,22.57,836.9399999999999,250.11999999999995
10193,S24_2022,20,44.8,20.61,896.0,483.79999999999995
10193,S24_3969,22,38.16,21.75,839.52,361.0199999999999
10193,S24_4258,20,92.52,57.46,1850.3999999999999,701.1999999999999
10194,S10_1949,42,203.59,98.58,8550.78,4410.42
10194,S10_4962,26,134.44,103.42,3495.44,806.5199999999999
10194,S12_1666,38,124.37,77.9,4726.06,1765.86
10194,S18_1097,21,103.84,58.33,2180.64,955.7100000000002
10194,S18_2432,45,51.05,24.92,2297.25,1175.85
10194,S18_4600,32,113.82,84.76,3642.24,929.9199999999996
10194,S18_4668,41,47.79,23.14,1959.3899999999999,1010.65
10194,S24_2300,49,112.46,61.34,5510.54,2504.8799999999997
10194,S32_1268,37,77.05,53.93,2850.85,855.4399999999999
10194,S32_3522,39,61.41,33.61,2394.99,1084.1999999999998
10194,S700_2824,26,80.92,46.53,2103.92,894.14
10195,S12_4473,49,118.5,55.7,5806.5,3077.2
10195,S18_2238,27,139.17,101.51,3757.5899999999997,1016.8199999999995
10195,S18_2319,35,112.91,74.86,3951.85,1331.75
10195,S18_3232,50,150.71,77.9,7535.5,3640.5
10195,S24_1444,44,54.33,32.37,2390.52,966.24
10195,S24_2840,32,31.82,15.91,1018.24,509.12
10195,S24_4048,34,95.81,69.78,3257.54,885.02
10195,S32_2509,32,51.95,25.98,1662.4,831.0400000000001
10195,S32_3207,33,59.03,26.72,1947.99,1066.23
10195,S50_1392,49,97.23,68.29,4764.27,1418.06
10196,S12_1108,47,203.64,95.59,9571.08,5078.349999999999
10196,S12_3148,24,151.08,89.14,3625.92,1486.5600000000004
10196,S12_3891,38,147.07,83.05,5588.66,2432.7599999999998
10196,S18_3140,49,127.03,68.3,6224.47,2877.77
10196,S18_3259,35,81.68,67.56,2858.8,494.20000000000016
10196,S18_4027,27,126.39,91.92,3412.53,930.6899999999999
10196,S50_1514,46,56.82,37.49,2613.72,889.18
10196,S700_1938,50,84.88,43.3,4244.0,2079.0
10197,S10_4757,45,118.32,85.68,5324.4,1468.7999999999993
10197,S18_3029,46,83.44,51.61,3838.24,1464.1799999999998
10197,S18_3856,22,85.75,64.58,1886.5,465.74
10197,S18_4522,50,78.99,52.66,3949.4999999999995,1316.5
10197,S24_2011,41,109.37,82.34,4484.17,1108.23
10197,S24_3151,47,83.2,46.91,3910.4,1705.6300000000003
10197,S24_3816,22,67.93,48.64,1494.46,424.3800000000001
10197,S700_1138,23,60.0,34.0,1380.0,598.0
10197,S700_2047,24,78.75,39.83,1890.0,934.08
10197,S700_2610,50,66.5,33.97,3325.0,1626.5
10197,S700_3505,27,100.17,51.09,2704.59,1325.1599999999999
10197,S700_3962,35,88.39,53.63,3093.65,1216.6
10197,S72_1253,29,39.73,32.77,1152.1699999999998,201.8399999999998
10197,S72_3212,42,48.59,33.3,2040.7800000000002,642.1800000000003
10198,S18_1662,42,149.81,77.27,6292.02,3046.6800000000003
10198,S24_2841,48,60.97,34.25,2926.56,1282.56
10198,S24_3420,27,61.81,26.3,1668.8700000000001,958.7700000000001
10198,S24_3949,43,65.51,29.34,2816.9300000000003,1555.3100000000002
10198,S700_2466,42,94.73,68.8,3978.6600000000003,1089.0600000000004
10198,S700_4002,40,74.03,36.27,2961.2,1510.3999999999999
10199,S50_1341,29,37.97,27.06,1101.1299999999999,316.39
10199,S700_1691,48,81.29,51.15,3901.92,1446.7200000000003
10199,S700_3167,38,70.4,54.4,2675.2000000000003,608.0000000000002
10200,S18_2581,28,74.34,49.0,2081.52,709.5200000000001
10200,S24_1785,33,99.57,66.74,3285.81,1083.3899999999999
10200,S24_4278,39,70.28,36.23,2740.92,1327.9500000000003
10200,S32_1374,35,80.91,66.92,2831.85,489.6499999999998
10200,S32_4289,27,65.35,33.02,1764.4499999999998,872.9099999999997
10200,S700_2834,39,115.09,59.33,4488.51,2174.6400000000003
10201,S10_1678,22,82.3,48.81,1810.6,736.7799999999999
10201,S10_2016,24,116.56,68.99,2797.44,1141.6800000000003
10201,S10_4698,49,191.72,91.02,9394.28,4934.3
10201,S12_2823,25,126.52,66.27,3163.0,1506.25
10201,S18_2625,30,48.46,24.23,1453.8,726.9
10201,S24_1578,39,93.54,60.86,3648.0600000000004,1274.5200000000002
10201,S24_2000,25,66.27,37.32,1656.75,723.7499999999999
10202,S18_3782,30,55.33,32.95,1659.8999999999999,671.3999999999999
10202,S18_4721,43,124.99,69.93,5374.57,2367.5799999999995
10202,S24_2360,50,56.1,47.1,2805.0,450.0
10202,S24_4620,50,75.18,32.33,3759.0000000000005,2142.5000000000005
10202,S32_2206,27,33.39,24.14,901.53,249.75
10202,S32_4485,31,81.64,56.13,2530.84,790.81
10202,S50_4713,40,79.73,34.17,3189.2000000000003,1822.4
10203,S12_1099,20,161.49,95.34,3229.8,1323.0
10203,S12_3380,20,111.57,75.16,2231.3999999999996,728.1999999999999
10203,S12_3990,44,63.84,31.92,2808.96,1404.48
10203,S12_4675,47,115.16,58.73,5412.5199999999995,2652.21
10203,S18_1889,45,73.15,53.9,3291.7500000000005,866.2500000000003
10203,S18_3232,48,157.49,77.9,7559.52,3820.32
10203,S18_3278,33,66.74,49.05,2202.4199999999996,583.77
10203,S18_3482,32,127.88,73.49,4092.16,1740.48
10203,S24_2972,21,33.23,16.24,697.8299999999999,356.78999999999996
10203,S24_3371,34,56.94,38.58,1935.96,624.24
10203,S24_3856,47,140.43,98.3,6600.21,1980.1100000000004
10204,S18_1129,42,114.65,83.51,4815.3,1307.88
10204,S18_1589,40,113.24,65.96,4529.599999999999,1891.2
10204,S18_1749,33,153.0,86.7,5049.0,2187.9
10204,S18_1984,38,133.72,93.89,5081.36,1513.54
10204,S18_2248,23,59.33,33.3,1364.59,598.69
10204,S18_2325,26,119.5,58.48,3107.0,1586.52
10204,S18_2870,27,106.92,56.76,2886.84,1354.3200000000002
10204,S18_3685,35,132.8,62.16,4648.0,2472.4000000000005
10204,S18_4409,29,83.75,43.26,2428.75,1174.21
10204,S18_4933,45,69.84,34.21,3142.8,1603.3500000000001
10204,S24_1046,20,69.82,49.24,1396.3999999999999,411.5999999999998
10204,S24_1628,45,46.79,29.18,2105.55,792.4499999999999
10204,S24_2766,47,79.06,47.25,3715.82,1495.0700000000002
10204,S24_2887,42,112.74,72.82,4735.08,1676.64
10204,S24_3191,40,84.75,50.51,3390.0,1369.6000000000001
10204,S24_3432,48,104.94,62.11,5037.12,2055.84
10204,S24_3969,39,34.88,21.75,1360.3200000000002,512.07
10205,S18_1342,36,98.63,60.62,3550.68,1368.36
10205,S18_1367,48,45.82,24.26,2199.36,1034.8799999999999
10205,S18_2795,40,138.38,72.56,5535.2,2632.7999999999997
10205,S24_1937,32,27.88,22.57,892.16,169.91999999999996
10205,S24_2022,24,36.74,20.61,881.76,387.12000000000006
10206,S10_1949,47,203.59,98.58,9568.73,4935.47
10206,S12_1666,28,109.34,77.9,3061.52,880.3199999999999
10206,S18_1097,34,115.5,58.33,3927.0,1943.78
10206,S18_2949,37,98.27,60.78,3635.99,1387.1299999999999
10206,S18_2957,28,51.84,34.35,1451.52,489.72
10206,S18_3136,30,102.63,60.74,3078.8999999999996,1256.6999999999998
10206,S18_3320,28,99.21,57.54,2777.8799999999997,1166.7599999999998
10206,S18_4668,21,45.78,23.14,961.38,475.44
10206,S24_4258,33,95.44,57.46,3149.52,1253.34
10206,S32_3522,36,54.94,33.61,1977.84,767.8799999999999
10206,S700_2824,33,89.01,46.53,2937.3300000000004,1401.8400000000001
10207,S10_4962,31,125.58,103.42,3892.98,686.9599999999999
10207,S12_4473,34,95.99,55.7,3263.66,1369.8599999999997
10207,S18_2238,44,140.81,101.51,6195.64,1729.1999999999998
10207,S18_2319,43,109.23,74.86,4696.89,1477.9100000000003
10207,S18_2432,37,60.77,24.92,2248.4900000000002,1326.45
10207,S18_3232,25,140.55,77.9,3513.7500000000005,1566.2500000000002
10207,S18_4027,40,143.62,91.92,5744.8,2068.0
10207,S18_4600,47,119.87,84.76,5633.89,1650.17
10207,S24_1444,49,57.8,32.37,2832.2,1246.07
10207,S24_2300,46,127.79,61.34,5878.34,3056.7000000000003
10207,S24_2840,42,30.76,15.91,1291.92,623.7
10207,S24_4048,28,108.82,69.78,3046.96,1093.12
10207,S32_1268,49,84.75,53.93,4152.75,1510.18
10207,S32_2509,27,51.95,25.98,1402.65,701.19
10207,S32_3207,45,55.3,26.72,2488.5,1286.1
10207,S50_1392,28,106.49,68.29,2981.72,1069.5999999999997
10208,S12_1108,46,176.63,95.59,8124.98,3727.8399999999997
10208,S12_3148,26,128.42,89.14,3338.9199999999996,1021.2799999999996
10208,S12_3891,20,152.26,83.05,3045.2,1384.1999999999998
10208,S18_3140,24,117.47,68.3,2819.2799999999997,1180.08
10208,S18_3259,48,96.81,67.56,4646.88,1404.0
10208,S18_4522,45,72.85,52.66,3278.2499999999995,908.55
10208,S24_2011,35,122.89,82.34,4301.15,1419.25
10208,S24_3151,20,80.54,46.91,1610.8000000000002,672.6000000000001
10208,S50_1514,30,57.99,37.49,1739.7,615.0
10208,S700_1138,38,56.67,34.0,2153.46,861.46
10208,S700_1938,40,73.62,43.3,2944.8,1212.8000000000002
10208,S700_2610,46,63.61,33.97,2926.06,1363.44
10208,S700_3505,37,95.16,51.09,3520.92,1630.5899999999997
10208,S700_3962,33,95.34,53.63,3146.2200000000003,1376.43
10208,S72_3212,42,48.05,33.3,2018.1,619.5
10209,S10_4757,39,129.2,85.68,5038.799999999999,1697.2799999999993
10209,S18_3029,28,82.58,51.61,2312.24,867.16
10209,S18_3856,20,97.4,64.58,1948.0,656.4000000000001
10209,S24_2841,43,66.45,34.25,2857.35,1384.6000000000001
10209,S24_3420,36,56.55,26.3,2035.8,1088.9999999999998
10209,S24_3816,22,79.67,48.64,1752.74,682.6600000000001
10209,S700_2047,33,90.52,39.83,2987.16,1672.77
10209,S72_1253,48,44.2,32.77,2121.6000000000004,548.64
10210,S10_2016,23,112.99,68.99,2598.77,1012.0
10210,S10_4698,34,189.79,91.02,6452.86,3358.18
10210,S18_1662,31,141.92,77.27,4399.5199999999995,2004.1499999999996
10210,S18_2581,50,68.43,49.0,3421.5000000000005,971.5000000000003
10210,S18_2625,40,51.48,24.23,2059.2,1089.9999999999998
10210,S24_1785,27,100.67,66.74,2718.09,916.1100000000001
10210,S24_2000,30,63.22,37.32,1896.6,777.0
10210,S24_3949,29,56.64,29.34,1642.56,791.7
10210,S24_4278,40,68.1,36.23,2724.0,1274.8
10210,S32_1374,46,84.91,66.92,3905.8599999999997,827.5399999999997
10210,S32_4289,39,57.1,33.02,2226.9,939.1199999999999
10210,S50_1341,43,43.2,27.06,1857.6000000000001,694.0200000000002
10210,S700_1691,21,87.69,51.15,1841.49,767.34
10210,S700_2466,26,93.74,68.8,2437.24,648.4399999999999
10210,S700_2834,25,98.48,59.33,2462.0,978.7500000000001
10210,S700_3167,31,64.0,54.4,1984.0,297.6
10210,S700_4002,42,60.7,36.27,2549.4,1026.06
10211,S10_1678,41,90.92,48.81,3727.7200000000003,1726.51
10211,S12_1099,41,171.22,95.34,7020.0199999999995,3111.08
10211,S12_2823,36,126.52,66.27,4554.72,2169.0
10211,S12_3990,28,79.8,31.92,2234.4,1340.6399999999999
10211,S18_3278,35,73.17,49.05,2560.9500000000003,844.2000000000002
10211,S18_3482,28,138.17,73.49,3868.7599999999998,1811.0399999999997
10211,S18_3782,46,60.3,32.95,2773.7999999999997,1258.0999999999997
10211,S18_4721,41,148.8,69.93,6100.8,3233.67
10211,S24_1578,25,109.32,60.86,2733.0,1211.4999999999998
10211,S24_2360,21,62.33,47.1,1308.93,319.8299999999999
10211,S24_3371,48,52.66,38.58,2527.68,675.8399999999999
10211,S24_4620,22,80.84,32.33,1778.48,1067.22
10211,S32_2206,41,39.83,24.14,1633.03,643.29
10211,S32_4485,37,94.91,56.13,3511.67,1434.8599999999997
10211,S50_4713,40,70.78,34.17,2831.2,1464.4
10212,S12_3380,39,99.82,75.16,3892.9799999999996,961.7399999999999
10212,S12_4675,33,110.55,58.73,3648.15,1710.06
10212,S18_1129,29,117.48,83.51,3406.92,985.13
10212,S18_1589,38,105.77,65.96,4019.2599999999998,1512.7800000000002
10212,S18_1889,20,64.68,53.9,1293.6000000000001,215.60000000000016
10212,S18_1984,41,133.72,93.89,5482.5199999999995,1633.03
10212,S18_2870,40,117.48,56.76,4699.2,2428.8
10212,S18_3232,40,155.79,77.9,6231.599999999999,3115.5999999999995
10212,S18_3685,45,115.85,62.16,5213.25,2416.0499999999997
10212,S24_1046,41,61.73,49.24,2530.93,512.0899999999998
10212,S24_1628,45,43.27,29.18,1947.15,634.0500000000002
10212,S24_2766,45,81.78,47.25,3680.1,1553.8500000000001
10212,S24_2972,34,37.38,16.24,1270.92,718.7600000000001
10212,S24_3191,27,77.91,50.51,2103.5699999999997,739.8
10212,S24_3432,46,100.66,62.11,4630.36,1773.3
10212,S24_3856,49,117.96,98.3,5780.04,963.3399999999998
10213,S18_4409,38,84.67,43.26,3217.46,1573.5800000000002
10213,S18_4933,25,58.44,34.21,1461.0,605.7499999999999
10213,S24_2887,27,97.48,72.82,2631.96,665.8200000000003
10214,S18_1749,30,166.6,86.7,4998.0,2396.9999999999995
10214,S18_2248,21,53.28,33.3,1118.88,419.5800000000001
10214,S18_2325,27,125.86,58.48,3398.22,1819.2599999999998
10214,S18_2795,50,167.06,72.56,8353.0,4725.0
10214,S24_1937,20,32.19,22.57,643.8,192.39999999999995
10214,S24_2022,49,39.87,20.61,1953.6299999999999,943.7399999999999
10214,S24_3969,44,38.57,21.75,1697.08,740.08
10215,S10_1949,35,205.73,98.58,7200.549999999999,3750.2499999999995
10215,S18_1097,46,100.34,58.33,4615.64,1932.4600000000003
10215,S18_1342,27,92.47,60.62,2496.69,859.95
10215,S18_1367,33,53.91,24.26,1779.03,978.4499999999998
10215,S18_2949,49,97.26,60.78,4765.740000000001,1787.5200000000002
10215,S18_2957,31,56.21,34.35,1742.51,677.66
10215,S18_3136,49,89.01,60.74,4361.490000000001,1385.2300000000002
10215,S18_3320,41,84.33,57.54,3457.5299999999997,1098.3899999999999
10215,S18_4668,46,42.76,23.14,1966.9599999999998,902.5199999999999
10215,S24_4258,39,94.47,57.46,3684.33,1443.3899999999999
10216,S12_1666,43,133.94,77.9,5759.42,2409.72
10217,S10_4962,48,132.97,103.42,6382.5599999999995,1418.3999999999999
10217,S18_2432,35,58.34,24.92,2041.9,1169.7
10217,S18_4600,38,118.66,84.76,4509.08,1288.1999999999996
10217,S24_2300,28,103.51,61.34,2898.28,1180.76
10217,S32_1268,21,78.97,53.93,1658.37,525.84
10217,S32_3522,39,56.24,33.61,2193.36,882.57
10217,S700_2824,31,90.02,46.53,2790.62,1348.1899999999998
10218,S18_2319,22,110.46,74.86,2430.12,783.1999999999998
10218,S18_3232,34,152.41,77.9,5181.94,2533.3399999999997
10219,S12_4473,48,94.8,55.7,4550.4,1876.7999999999997
10219,S18_2238,43,132.62,101.51,5702.66,1337.73
10219,S24_2840,21,31.12,15.91,653.52,319.41
10219,S32_2509,35,47.62,25.98,1666.6999999999998,757.3999999999999
10220,S12_1108,32,189.1,95.59,6051.2,2992.3199999999997
10220,S12_3148,30,151.08,89.14,4532.400000000001,1858.2000000000003
10220,S12_3891,27,166.1,83.05,4484.7,2242.35
10220,S18_4027,50,126.39,91.92,6319.5,1723.5
10220,S24_1444,26,48.55,32.37,1262.3,420.68
10220,S24_4048,37,101.72,69.78,3763.64,1181.78
10220,S32_3207,20,49.71,26.72,994.2,459.80000000000007
10220,S50_1392,37,92.6,68.29,3426.2,899.4699999999996
10220,S50_1514,30,56.82,37.49,1704.6,579.9
10221,S18_3140,33,133.86,68.3,4417.38,2163.4800000000005
10221,S18_3259,23,89.75,67.56,2064.25,510.36999999999995
10221,S18_4522,39,84.26,52.66,3286.1400000000003,1232.4000000000003
10221,S24_2011,49,113.06,82.34,5539.9400000000005,1505.28
10221,S700_1938,23,69.29,43.3,1593.67,597.7700000000002
10222,S10_4757,49,133.28,85.68,6530.72,2332.3999999999996
10222,S18_1662,49,137.19,77.27,6722.3099999999995,2936.08
10222,S18_3029,49,79.14,51.61,3877.86,1348.97
10222,S18_3856,45,88.93,64.58,4001.8500000000004,1095.7500000000005
10222,S24_2841,32,56.86,34.25,1819.52,723.52
10222,S24_3151,47,74.35,46.91,3494.45,1289.6799999999998
10222,S24_3420,43,61.15,26.3,2629.45,1498.5499999999997
10222,S24_3816,46,77.99,48.64,3587.54,1350.0999999999997
10222,S24_3949,48,55.27,29.34,2652.96,1244.64
10222,S700_1138,31,58.67,34.0,1818.77,764.7700000000001
10222,S700_2047,26,80.56,39.83,2094.56,1058.98
10222,S700_2466,37,90.75,68.8,3357.75,812.1500000000001
10222,S700_2610,36,69.39,33.97,2498.04,1275.1200000000001
10222,S700_3505,38,84.14,51.09,3197.32,1255.8999999999999
10222,S700_3962,31,81.43,53.63,2524.3300000000004,861.8000000000002
10222,S700_4002,43,66.63,36.27,2865.0899999999997,1305.4799999999996
10222,S72_1253,31,45.19,32.77,1400.8899999999999,385.0199999999998
10222,S72_3212,36,48.59,33.3,1749.2400000000002,550.4400000000003
10223,S10_1678,37,80.39,48.81,2974.43,1168.46
10223,S10_2016,47,110.61,68.99,5198.67,1956.1400000000003
10223,S10_4698,49,189.79,91.02,9299.71,4839.73
10223,S18_2581,47,67.58,49.0,3176.2599999999998,873.2599999999999
10223,S18_2625,28,58.75,24.23,1645.0,966.56
10223,S24_1578,32,104.81,60.86,3353.92,1406.4
10223,S24_1785,34,87.54,66.74,2976.36,707.2000000000004
10223,S24_2000,38,60.94,37.32,2315.72,897.56
10223,S24_4278,23,68.1,36.23,1566.3,733.01
10223,S32_1374,21,90.9,66.92,1908.9,503.5800000000001
10223,S32_4289,20,66.73,33.02,1334.6000000000001,674.2
10223,S50_1341,41,41.02,27.06,1681.8200000000002,572.3600000000001
10223,S700_1691,25,84.03,51.15,2100.75,822.0000000000001
10223,S700_2834,29,113.9,59.33,3303.1000000000004,1582.5300000000002
10223,S700_3167,26,79.2,54.4,2059.2000000000003,644.8000000000001
10224,S12_2823,43,141.58,66.27,6087.9400000000005,3238.330000000001
10224,S18_3782,38,57.2,32.95,2173.6,921.5
10224,S24_2360,37,60.26,47.1,2229.62,486.91999999999985
10224,S32_2206,43,37.01,24.14,1591.4299999999998,553.4099999999999
10224,S32_4485,30,94.91,56.13,2847.2999999999997,1163.3999999999999
10224,S50_4713,50,81.36,34.17,4068.0,2359.5
10225,S12_1099,27,157.6,95.34,4255.2,1681.0199999999998
10225,S12_3380,25,101.0,75.16,2525.0,646.0000000000001
10225,S12_3990,37,64.64,31.92,2391.68,1210.6399999999999
10225,S12_4675,21,100.19,58.73,2103.99,870.66
10225,S18_1129,32,116.06,83.51,3713.92,1041.6
10225,S18_1889,47,71.61,53.9,3365.67,832.37
10225,S18_3232,43,162.57,77.9,6990.509999999999,3640.8099999999995
10225,S18_3278,37,69.96,49.05,2588.52,773.6699999999998
10225,S18_3482,27,119.06,73.49,3214.62,1230.39
10225,S18_4721,35,135.41,69.93,4739.349999999999,2291.7999999999997
10225,S24_2972,42,34.74,16.24,1459.0800000000002,777.0000000000001
10225,S24_3371,24,51.43,38.58,1234.32,308.40000000000003
10225,S24_3856,40,130.6,98.3,5224.0,1292.0
10225,S24_4620,46,77.61,32.33,3570.06,2082.88
10226,S18_1589,38,108.26,65.96,4113.88,1607.4000000000005
10226,S18_1984,24,129.45,93.89,3106.7999999999997,853.4399999999997
10226,S18_2870,24,125.4,56.76,3009.6000000000004,1647.3600000000004
10226,S18_3685,46,122.91,62.16,5653.86,2794.5
10226,S24_1046,21,65.41,49.24,1373.61,339.5699999999999
10226,S24_1628,36,47.79,29.18,1720.44,669.96
10226,S24_3432,48,95.3,62.11,4574.4,1593.12
10227,S18_1342,25,85.27,60.62,2131.75,616.25
10227,S18_1367,31,50.14,24.26,1554.34,802.28
10227,S18_1749,26,136.0,86.7,3536.0,1281.8
10227,S18_2248,28,59.93,33.3,1678.04,745.6400000000001
10227,S18_2325,46,118.23,58.48,5438.58,2748.5000000000005
10227,S18_2795,29,146.81,72.56,4257.49,2153.25
10227,S18_3320,33,99.21,57.54,3273.93,1375.11
10227,S18_4409,34,87.43,43.26,2972.6200000000003,1501.7800000000002
10227,S18_4933,37,70.56,34.21,2610.7200000000003,1344.95
10227,S24_1937,42,27.22,22.57,1143.24,195.29999999999995
10227,S24_2022,24,39.42,20.61,946.08,451.44000000000005
10227,S24_2766,47,84.51,47.25,3971.9700000000003,1751.2200000000003
10227,S24_2887,33,102.17,72.82,3371.61,968.5500000000003
10227,S24_3191,40,78.76,50.51,3150.4,1130.0000000000002
10227,S24_3969,27,34.88,21.75,941.7600000000001,354.51000000000005
10228,S10_1949,29,214.3,98.58,6214.700000000001,3355.8800000000006
10228,S18_1097,32,100.34,58.33,3210.88,1344.3200000000002
10228,S18_2949,24,101.31,60.78,2431.44,972.72
10228,S18_2957,45,57.46,34.35,2585.7,1039.95
10228,S18_3136,31,100.53,60.74,3116.43,1233.49
10228,S24_4258,33,84.73,57.46,2796.09,899.9100000000001
10229,S10_4962,50,138.88,103.42,6944.0,1772.9999999999998
10229,S12_1666,25,110.7,77.9,2767.5,819.9999999999999
10229,S12_4473,36,95.99,55.7,3455.64,1450.4399999999996
10229,S18_2319,26,104.32,74.86,2712.3199999999997,765.9599999999998
10229,S18_2432,28,53.48,24.92,1497.4399999999998,799.6799999999998
10229,S18_3232,22,157.49,77.9,3464.78,1750.98
10229,S18_4600,41,119.87,84.76,4914.67,1439.51
10229,S18_4668,39,43.77,23.14,1707.0300000000002,804.57
10229,S24_2300,48,115.01,61.34,5520.4800000000005,2576.16
10229,S24_2840,33,34.65,15.91,1143.45,618.42
10229,S32_1268,25,78.97,53.93,1974.25,626.0
10229,S32_2509,23,49.78,25.98,1144.94,547.4
10229,S32_3522,30,52.36,33.61,1570.8,562.5
10229,S700_2824,50,91.04,46.53,4552.0,2225.5000000000005
10230,S12_3148,43,128.42,89.14,5522.0599999999995,1689.0399999999995
10230,S18_2238,49,153.91,101.51,7541.59,2567.5999999999995
10230,S18_4027,42,142.18,91.92,5971.56,2110.92
10230,S24_1444,36,47.4,32.37,1706.3999999999999,541.08
10230,S24_4048,45,99.36,69.78,4471.2,1331.1
10230,S32_3207,46,59.03,26.72,2715.38,1486.2600000000002
10230,S50_1392,34,100.7,68.29,3423.8,1101.9399999999998
10230,S50_1514,43,57.41,37.49,2468.6299999999997,856.5599999999997
10231,S12_1108,42,193.25,95.59,8116.5,4101.72
10231,S12_3891,49,147.07,83.05,7206.429999999999,3136.98
10232,S18_3140,22,133.86,68.3,2944.92,1442.3200000000004
10232,S18_3259,48,97.81,67.56,4694.88,1452.0
10232,S18_4522,23,78.12,52.66,1796.7600000000002,585.5800000000002
10232,S24_2011,46,113.06,82.34,5200.76,1413.12
10232,S700_1938,26,84.88,43.3,2206.88,1081.08
10232,S700_3505,48,86.15,51.09,4135.200000000001,1682.88
10232,S700_3962,35,81.43,53.63,2850.05,973.0000000000001
10232,S72_3212,24,48.59,33.3,1166.16,366.96000000000015
10233,S24_3151,40,70.81,46.91,2832.4,956.0000000000002
10233,S700_1138,36,66.0,34.0,2376.0,1152.0
10233,S700_2610,29,67.94,33.97,1970.26,985.13
10234,S10_4757,48,118.32,85.68,5679.36,1566.7199999999993
10234,S18_1662,50,146.65,77.27,7332.5,3469.0000000000005
10234,S18_3029,48,84.3,51.61,4046.3999999999996,1569.12
10234,S18_3856,39,85.75,64.58,3344.25,825.6300000000001
10234,S24_2841,44,67.14,34.25,2954.16,1447.16
10234,S24_3420,25,65.09,26.3,1627.25,969.7500000000001
10234,S24_3816,31,78.83,48.64,2443.73,935.8899999999999
10234,S700_2047,29,83.28,39.83,2415.12,1260.0500000000002
10234,S72_1253,40,45.69,32.77,1827.6,516.7999999999997
10235,S18_2581,24,81.95,49.0,1966.8000000000002,790.8000000000001
10235,S24_1785,23,89.72,66.74,2063.56,528.5400000000001
10235,S24_3949,33,55.27,29.34,1823.91,855.69
10235,S24_4278,40,63.03,36.23,2521.2,1072.0000000000002
10235,S32_1374,41,90.9,66.92,3726.9,983.1800000000002
10235,S32_4289,34,66.73,33.02,2268.82,1146.14
10235,S50_1341,41,37.09,27.06,1520.69,411.2300000000002
10235,S700_1691,25,88.6,51.15,2215.0,936.2499999999999
10235,S700_2466,38,92.74,68.8,3524.12,909.7199999999999
10235,S700_2834,25,116.28,59.33,2907.0,1423.75
10235,S700_3167,32,73.6,54.4,2355.2,614.3999999999999
10235,S700_4002,34,70.33,36.27,2391.22,1158.0399999999997
10236,S10_2016,22,105.86,68.99,2328.92,811.1400000000001
10236,S18_2625,23,52.7,24.23,1212.1000000000001,654.8100000000001
10236,S24_2000,36,65.51,37.32,2358.36,1014.8400000000001
10237,S10_1678,23,91.87,48.81,2113.01,990.3800000000001
10237,S10_4698,39,158.8,91.02,6193.200000000001,2643.4200000000005
10237,S12_2823,32,129.53,66.27,4144.96,2024.3200000000002
10237,S18_3782,26,49.74,32.95,1293.24,436.53999999999996
10237,S24_1578,20,109.32,60.86,2186.3999999999996,969.1999999999998
10237,S24_2360,26,62.33,47.1,1620.58,395.9799999999999
10237,S32_2206,26,35.0,24.14,910.0,282.36
10237,S32_4485,27,94.91,56.13,2562.5699999999997,1047.06
10237,S50_4713,20,78.92,34.17,1578.4,895.0
10238,S12_1099,28,161.49,95.34,4521.72,1852.2000000000003
10238,S12_3380,29,104.52,75.16,3031.08,851.4399999999999
10238,S12_3990,20,73.42,31.92,1468.4,830.0
10238,S18_3278,41,68.35,49.05,2802.35,791.2999999999998
10238,S18_3482,49,144.05,73.49,7058.450000000001,3457.440000000001
10238,S18_4721,44,120.53,69.93,5303.32,2226.3999999999996
10238,S24_3371,47,53.88,38.58,2532.36,719.1000000000003
10238,S24_4620,22,67.91,32.33,1494.02,782.76
10239,S12_4675,21,100.19,58.73,2103.99,870.66
10239,S18_1889,46,70.07,53.9,3223.22,743.8199999999997
10239,S18_3232,47,135.47,77.9,6367.09,2705.7899999999995
10239,S24_2972,20,32.47,16.24,649.4,324.6
10239,S24_3856,29,133.41,98.3,3868.89,1018.1899999999999
10240,S18_1129,41,125.97,83.51,5164.7699999999995,1740.8599999999997
10240,S18_1984,37,136.56,93.89,5052.72,1578.79
10240,S18_3685,37,134.22,62.16,4966.14,2666.2200000000003
10241,S18_1589,21,119.46,65.96,2508.66,1123.5
10241,S18_1749,41,153.0,86.7,6273.0,2718.2999999999997
10241,S18_2248,33,55.7,33.3,1838.1000000000001,739.2000000000002
10241,S18_2870,44,126.72,56.76,5575.68,3078.2400000000002
10241,S18_4409,42,77.31,43.26,3247.02,1430.1000000000001
10241,S18_4933,30,62.72,34.21,1881.6,855.3
10241,S24_1046,22,72.02,49.24,1584.4399999999998,501.15999999999985
10241,S24_1628,21,47.29,29.18,993.09,380.31
10241,S24_2766,47,89.05,47.25,4185.349999999999,1964.6
10241,S24_2887,28,117.44,72.82,3288.3199999999997,1249.3600000000001
10241,S24_3191,26,69.34,50.51,1802.8400000000001,489.58000000000015
10241,S24_3432,27,107.08,62.11,2891.16,1214.19
10242,S24_3969,46,36.52,21.75,1679.92,679.4200000000002
10243,S18_2325,47,111.87,58.48,5257.89,2509.3300000000004
10243,S24_1937,33,30.87,22.57,1018.71,273.90000000000003
10244,S18_1342,40,99.66,60.62,3986.3999999999996,1561.6
10244,S18_1367,20,48.52,24.26,970.4000000000001,485.20000000000005
10244,S18_2795,43,141.75,72.56,6095.25,2975.17
10244,S18_2949,30,87.13,60.78,2613.8999999999996,790.4999999999998
10244,S18_2957,24,54.96,34.35,1319.04,494.64
10244,S18_3136,29,85.87,60.74,2490.23,728.7700000000001
10244,S18_3320,36,87.3,57.54,3142.7999999999997,1071.36
10244,S24_2022,39,42.11,20.61,1642.29,838.5
10244,S24_4258,40,97.39,57.46,3895.6,1597.2
10245,S10_1949,34,195.01,98.58,6630.34,3278.62
10245,S10_4962,28,147.74,103.42,4136.72,1240.9600000000003
10245,S12_1666,38,120.27,77.9,4570.26,1610.0599999999997
10245,S18_1097,29,114.34,58.33,3315.86,1624.2900000000002
10245,S18_4600,21,111.39,84.76,2339.19,559.2299999999999
10245,S18_4668,45,48.8,23.14,2196.0,1154.6999999999998
10245,S32_1268,37,81.86,53.93,3028.82,1033.41
10245,S32_3522,44,54.94,33.61,2417.3599999999997,938.52
10245,S700_2824,44,81.93,46.53,3604.92,1557.6000000000004
10246,S12_4473,46,99.54,55.7,4578.84,2016.64
10246,S18_2238,40,144.08,101.51,5763.200000000001,1702.8000000000002
10246,S18_2319,22,100.64,74.86,2214.08,567.1600000000001
10246,S18_2432,30,57.73,24.92,1731.8999999999999,984.2999999999998
10246,S18_3232,36,145.63,77.9,5242.68,2438.2799999999997
10246,S24_1444,44,46.24,32.37,2034.5600000000002,610.2800000000002
10246,S24_2300,29,118.84,61.34,3446.36,1667.5
10246,S24_2840,49,34.65,15.91,1697.85,918.2599999999999
10246,S24_4048,46,100.54,69.78,4624.84,1414.9600000000003
10246,S32_2509,35,45.45,25.98,1590.75,681.45
10246,S50_1392,22,113.44,68.29,2495.68,993.2999999999998
10247,S12_1108,44,195.33,95.59,8594.52,4388.56
10247,S12_3148,25,140.5,89.14,3512.5,1284.0
10247,S12_3891,27,167.83,83.05,4531.410000000001,2289.0600000000004
10247,S18_4027,48,143.62,91.92,6893.76,2481.6000000000004
10247,S32_3207,40,58.41,26.72,2336.3999999999996,1267.6
10247,S50_1514,49,51.55,37.49,2525.95,688.9399999999997
10248,S10_4757,20,126.48,85.68,2529.6,816.0
10248,S18_3029,21,80.86,51.61,1698.06,614.25
10248,S18_3140,32,133.86,68.3,4283.52,2097.9200000000005
10248,S18_3259,42,95.8,67.56,4023.6,1186.0799999999997
10248,S18_4522,42,87.77,52.66,3686.3399999999997,1474.62
10248,S24_2011,48,122.89,82.34,5898.72,1946.3999999999999
10248,S24_3151,30,85.85,46.91,2575.5,1168.1999999999998
10248,S24_3816,23,83.02,48.64,1909.4599999999998,790.7399999999999
10248,S700_1138,36,66.0,34.0,2376.0,1152.0
10248,S700_1938,40,81.41,43.3,3256.3999999999996,1524.4
10248,S700_2610,32,69.39,33.97,2220.48,1133.44
10248,S700_3505,30,84.14,51.09,2524.2,991.4999999999999
10248,S700_3962,35,92.36,53.63,3232.6,1355.55
10248,S72_3212,23,53.51,33.3,1230.73,464.83000000000004
10249,S18_3856,46,88.93,64.58,4090.78,1120.1000000000004
10249,S24_2841,20,54.81,34.25,1096.2,411.20000000000005
10249,S24_3420,25,65.75,26.3,1643.75,986.2500000000001
10249,S700_2047,40,85.99,39.83,3439.6,1846.3999999999999
10249,S72_1253,32,49.16,32.77,1573.12,524.4799999999998
10250,S18_1662,45,148.23,77.27,6670.349999999999,3193.2
10250,S18_2581,27,84.48,49.0,2280.96,957.9600000000002
10250,S24_1785,31,95.2,66.74,2951.2000000000003,882.2600000000002
10250,S24_2000,32,63.22,37.32,2023.04,828.8
10250,S24_3949,40,61.42,29.34,2456.8,1283.1999999999998
10250,S24_4278,37,72.45,36.23,2680.65,1340.1400000000003
10250,S32_1374,31,99.89,66.92,3096.59,1022.0699999999999
10250,S32_4289,50,62.6,33.02,3130.0,1479.0
10250,S50_1341,36,36.66,27.06,1319.7599999999998,345.5999999999999
10250,S700_1691,31,91.34,51.15,2831.54,1245.89
10250,S700_2466,35,90.75,68.8,3176.25,768.2500000000001
10250,S700_2834,44,98.48,59.33,4333.12,1722.6000000000004
10250,S700_3167,44,76.0,54.4,3344.0,950.4000000000001
10250,S700_4002,38,65.89,36.27,2503.82,1125.56
10251,S10_1678,59,93.79,48.81,5533.610000000001,2653.82
10251,S10_2016,44,115.37,68.99,5076.280000000001,2040.7200000000005
10251,S10_4698,43,172.36,91.02,7411.4800000000005,3497.620000000001
10251,S12_2823,46,129.53,66.27,5958.38,2909.96
10251,S18_2625,44,58.15,24.23,2558.6,1492.48
10251,S24_1578,50,91.29,60.86,4564.5,1521.5000000000005
10252,S18_3278,20,74.78,49.05,1495.6,514.6000000000001
10252,S18_3482,41,145.52,73.49,5966.320000000001,2953.2300000000005
10252,S18_3782,31,50.36,32.95,1561.16,539.7099999999999
10252,S18_4721,26,127.97,69.93,3327.22,1509.0399999999997
10252,S24_2360,47,63.03,47.1,2962.41,748.71
10252,S24_4620,38,69.52,32.33,2641.7599999999998,1413.2199999999998
10252,S32_2206,36,36.21,24.14,1303.56,434.52
10252,S32_4485,25,93.89,56.13,2347.25,944.0
10252,S50_4713,48,72.41,34.17,3475.68,1835.5199999999998
10253,S12_1099,24,157.6,95.34,3782.3999999999996,1494.2399999999998
10253,S12_3380,22,102.17,75.16,2247.7400000000002,594.2200000000001
10253,S12_3990,25,67.03,31.92,1675.75,877.75
10253,S12_4675,41,109.4,58.73,4485.400000000001,2077.4700000000003
10253,S18_1129,26,130.22,83.51,3385.72,1214.4599999999998
10253,S18_1589,24,103.29,65.96,2478.96,895.9200000000003
10253,S18_1889,23,67.76,53.9,1558.48,318.78000000000014
10253,S18_1984,33,130.87,93.89,4318.71,1220.3400000000001
10253,S18_2870,37,114.84,56.76,4249.08,2148.96
10253,S18_3232,40,145.63,77.9,5825.2,2709.2
10253,S18_3685,31,139.87,62.16,4335.97,2409.01
10253,S24_2972,40,34.74,16.24,1389.6000000000001,740.0000000000001
10253,S24_3371,24,50.82,38.58,1219.68,293.76000000000005
10253,S24_3856,39,115.15,98.3,4490.85,657.1500000000003
10254,S18_1749,49,137.7,86.7,6747.299999999999,2498.999999999999
10254,S18_2248,36,55.09,33.3,1983.2400000000002,784.4400000000003
10254,S18_2325,41,102.98,58.48,4222.18,1824.5000000000002
10254,S18_4409,34,80.99,43.26,2753.66,1282.82
10254,S18_4933,30,59.87,34.21,1796.1,769.8
10254,S24_1046,34,66.88,49.24,2273.92,599.7599999999998
10254,S24_1628,32,43.27,29.18,1384.64,450.8800000000001
10254,S24_1937,38,28.88,22.57,1097.44,239.77999999999994
10254,S24_2766,31,85.42,47.25,2648.02,1183.27
10254,S24_2887,33,111.57,72.82,3681.81,1278.75
10254,S24_3191,42,69.34,50.51,2912.28,790.8600000000002
10254,S24_3432,49,101.73,62.11,4984.77,1941.38
10254,S24_3969,20,39.8,21.75,796.0,360.99999999999994
10255,S18_2795,24,135.0,72.56,3240.0,1498.56
10255,S24_2022,37,37.63,20.61,1392.3100000000002,629.7400000000001
10256,S18_1342,34,93.49,60.62,3178.66,1117.58
10256,S18_1367,29,52.83,24.26,1532.07,828.5299999999999
10257,S18_2949,50,92.19,60.78,4609.5,1570.4999999999998
10257,S18_2957,49,59.34,34.35,2907.6600000000003,1224.51
10257,S18_3136,37,83.78,60.74,3099.86,852.48
10257,S18_3320,26,91.27,57.54,2373.02,876.9799999999999
10257,S24_4258,46,81.81,57.46,3763.26,1120.1000000000001
10258,S10_1949,32,177.87,98.58,5691.84,2537.28
10258,S12_1666,41,133.94,77.9,5491.54,2297.64
10258,S18_1097,41,113.17,58.33,4639.97,2248.44
10258,S18_4668,21,49.81,23.14,1046.01,560.07
10258,S32_3522,20,62.7,33.61,1254.0,581.8000000000001
10258,S700_2824,45,86.99,46.53,3914.5499999999997,1820.6999999999998
10259,S10_4962,26,121.15,103.42,3149.9,460.98000000000013
10259,S12_4473,46,117.32,55.7,5396.719999999999,2834.5199999999995
10259,S18_2238,30,134.26,101.51,4027.7999999999997,982.4999999999995
10259,S18_2319,34,120.28,74.86,4089.52,1544.28
10259,S18_2432,30,59.55,24.92,1786.5,1038.8999999999999
10259,S18_3232,27,152.41,77.9,4115.07,2011.7699999999998
10259,S18_4600,41,107.76,84.76,4418.16,943.0
10259,S24_1444,28,46.82,32.37,1310.96,404.6000000000001
10259,S24_2300,47,121.4,61.34,5705.8,2822.82
10259,S24_2840,31,31.47,15.91,975.5699999999999,482.35999999999996
10259,S32_1268,45,95.35,53.93,4290.75,1863.8999999999999
10259,S32_2509,40,45.99,25.98,1839.6000000000001,800.4000000000001
10259,S50_1392,29,105.33,68.29,3054.57,1074.1599999999999
10260,S12_1108,46,180.79,95.59,8316.34,3919.1999999999994
10260,S12_3148,30,140.5,89.14,4215.0,1540.8
10260,S12_3891,44,169.56,83.05,7460.64,3806.44
10260,S18_3140,32,121.57,68.3,3890.24,1704.6399999999999
10260,S18_3259,29,92.77,67.56,2690.33,731.0899999999998
10260,S18_4027,23,137.88,91.92,3171.24,1057.08
10260,S24_4048,23,117.1,69.78,2693.2999999999997,1088.36
10260,S32_3207,27,55.3,26.72,1493.1,771.66
10260,S50_1514,21,56.24,37.49,1181.04,393.75
10260,S700_1938,33,80.55,43.3,2658.15,1229.25
10261,S10_4757,27,116.96,85.68,3157.9199999999996,844.5599999999996
10261,S18_4522,20,80.75,52.66,1615.0,561.8000000000001
10261,S24_2011,36,105.69,82.34,3804.84,840.5999999999998
10261,S24_3151,22,79.66,46.91,1752.52,720.5
10261,S700_1138,34,64.0,34.0,2176.0,1020.0
10261,S700_2610,44,58.55,33.97,2576.2,1081.52
10261,S700_3505,25,89.15,51.09,2228.75,951.5
10261,S700_3962,50,88.39,53.63,4419.5,1738.0
10261,S72_3212,29,43.68,33.3,1266.72,301.0200000000001
10262,S18_1662,49,157.69,77.27,7726.8099999999995,3940.58
10262,S18_3029,32,81.72,51.61,2615.04,963.52
10262,S18_3856,34,85.75,64.58,2915.5,719.7800000000001
10262,S24_1785,34,98.48,66.74,3348.32,1079.1600000000003
10262,S24_2841,24,63.71,34.25,1529.04,707.04
10262,S24_3420,46,65.75,26.3,3024.5,1814.7
10262,S24_3816,49,82.18,48.64,4026.82,1643.4600000000003
10262,S24_3949,48,58.69,29.34,2817.12,1408.8
10262,S32_4289,40,63.97,33.02,2558.8,1237.9999999999998
10262,S50_1341,49,35.78,27.06,1753.22,427.28000000000014
10262,S700_1691,40,87.69,51.15,3507.6,1461.6
10262,S700_2047,44,83.28,39.83,3664.32,1911.8000000000002
10262,S700_2466,33,81.77,68.8,2698.41,428.01
10262,S700_3167,27,64.8,54.4,1749.6,280.79999999999995
10262,S700_4002,35,64.41,36.27,2254.35,984.8999999999997
10262,S72_1253,21,41.71,32.77,875.91,187.73999999999995
10263,S10_1678,34,89.0,48.81,3026.0,1366.46
10263,S10_2016,40,107.05,68.99,4282.0,1522.4
10263,S10_4698,41,193.66,91.02,7940.0599999999995,4208.24
10263,S12_2823,48,123.51,66.27,5928.4800000000005,2747.5200000000004
10263,S18_2581,33,67.58,49.0,2230.14,613.14
10263,S18_2625,34,50.27,24.23,1709.18,885.3600000000001
10263,S24_1578,42,109.32,60.86,4591.44,2035.3199999999997
10263,S24_2000,37,67.03,37.32,2480.11,1099.27
10263,S24_4278,24,59.41,36.23,1425.84,556.3199999999999
10263,S32_1374,31,93.9,66.92,2910.9,836.3800000000001
10263,S700_2834,47,117.46,59.33,5520.62,2732.1099999999997
10264,S18_3782,48,58.44,32.95,2805.12,1223.5199999999998
10264,S18_4721,20,124.99,69.93,2499.7999999999997,1101.1999999999998
10264,S24_2360,37,61.64,47.1,2280.68,537.98
10264,S24_4620,47,75.18,32.33,3533.4600000000005,2013.9500000000005
10264,S32_2206,20,39.02,24.14,780.4000000000001,297.6
10264,S32_4485,34,100.01,56.13,3400.34,1491.92
10264,S50_4713,47,67.53,34.17,3173.91,1567.92
10265,S18_3278,45,74.78,49.05,3365.1,1157.8500000000001
10265,S18_3482,49,123.47,73.49,6050.03,2449.02
10266,S12_1099,44,188.73,95.34,8304.119999999999,4109.16
10266,S12_3380,22,110.39,75.16,2428.58,775.0600000000001
10266,S12_3990,35,67.83,31.92,2374.0499999999997,1256.85
10266,S12_4675,40,112.86,58.73,4514.4,2165.2000000000003
10266,S18_1129,21,131.63,83.51,2764.23,1010.5199999999998
10266,S18_1589,36,99.55,65.96,3583.7999999999997,1209.2400000000002
10266,S18_1889,33,77.0,53.9,2541.0,762.3000000000001
10266,S18_1984,49,139.41,93.89,6831.09,2230.48
10266,S18_2870,20,113.52,56.76,2270.4,1135.2
10266,S18_3232,29,137.17,77.9,3977.93,1718.8299999999995
10266,S18_3685,33,127.15,62.16,4195.95,2144.67
10266,S24_1628,28,40.25,29.18,1127.0,309.96000000000004
10266,S24_2972,34,35.12,16.24,1194.08,641.92
10266,S24_3371,47,56.33,38.58,2647.5099999999998,834.25
10266,S24_3856,24,119.37,98.3,2864.88,505.6800000000002
10267,S18_4933,36,71.27,34.21,2565.72,1334.1599999999999
10267,S24_1046,40,72.02,49.24,2880.7999999999997,911.1999999999998
10267,S24_2766,38,76.33,47.25,2900.54,1105.04
10267,S24_2887,43,93.95,72.82,4039.85,908.5900000000004
10267,S24_3191,44,83.9,50.51,3691.6000000000004,1469.1600000000003
10267,S24_3432,43,98.51,62.11,4235.93,1565.2000000000003
10268,S18_1342,49,93.49,60.62,4581.009999999999,1610.6299999999999
10268,S18_1367,26,45.82,24.26,1191.32,560.56
10268,S18_1749,34,164.9,86.7,5606.6,2658.8
10268,S18_2248,31,60.54,33.3,1876.74,844.44
10268,S18_2325,50,124.59,58.48,6229.5,3305.500000000001
10268,S18_2795,35,148.5,72.56,5197.5,2657.9
10268,S18_3320,39,96.23,57.54,3752.9700000000003,1508.91
10268,S18_4409,35,84.67,43.26,2963.4500000000003,1449.3500000000001
10268,S24_1937,33,31.86,22.57,1051.3799999999999,306.57
10268,S24_2022,40,36.29,20.61,1451.6,627.2
10268,S24_3969,30,37.75,21.75,1132.5,480.0
10269,S18_2957,32,57.46,34.35,1838.72,739.52
10269,S24_4258,48,95.44,57.46,4581.12,1823.04
10270,S10_1949,21,171.44,98.58,3600.24,1530.06
10270,S10_4962,32,124.1,103.42,3971.2,661.7599999999998
10270,S12_1666,28,135.3,77.9,3788.4000000000005,1607.2000000000003
10270,S18_1097,43,94.5,58.33,4063.5,1555.3100000000002
10270,S18_2949,31,81.05,60.78,2512.5499999999997,628.3699999999999
10270,S18_3136,38,85.87,60.74,3263.0600000000004,954.94
10270,S18_4600,38,107.76,84.76,4094.88,874.0
10270,S18_4668,44,40.25,23.14,1771.0,752.8399999999999
10270,S32_1268,32,93.42,53.93,2989.44,1263.68
10270,S32_3522,21,52.36,33.61,1099.56,393.75
10270,S700_2824,46,101.15,46.53,4652.900000000001,2512.5200000000004
10271,S12_4473,31,99.54,55.7,3085.7400000000002,1359.0400000000002
10271,S18_2238,50,147.36,101.51,7368.000000000001,2292.5000000000005
10271,S18_2319,50,121.5,74.86,6075.0,2332.0
10271,S18_2432,25,59.55,24.92,1488.75,865.7499999999999
10271,S18_3232,20,169.34,77.9,3386.8,1828.8
10271,S24_1444,45,49.71,32.37,2236.95,780.3000000000002
10271,S24_2300,43,122.68,61.34,5275.240000000001,2637.6200000000003
10271,S24_2840,38,28.64,15.91,1088.32,483.74
10271,S24_4048,22,110.0,69.78,2420.0,884.8399999999999
10271,S32_2509,35,51.95,25.98,1818.25,908.95
10271,S50_1392,34,93.76,68.29,3187.84,865.98
10272,S12_1108,35,187.02,95.59,6545.700000000001,3200.05
10272,S12_3148,27,123.89,89.14,3345.03,938.25
10272,S12_3891,39,148.8,83.05,5803.200000000001,2564.2500000000005
10272,S18_4027,25,126.39,91.92,3159.75,861.75
10272,S32_3207,45,56.55,26.72,2544.75,1342.35
10272,S50_1514,43,53.89,37.49,2317.27,705.1999999999999
10273,S10_4757,30,136.0,85.68,4080.0,1509.6
10273,S18_3029,34,84.3,51.61,2866.2,1111.46
10273,S18_3140,40,117.47,68.3,4698.8,1966.8000000000002
10273,S18_3259,47,87.73,67.56,4123.31,947.9900000000001
10273,S18_3856,50,105.87,64.58,5293.5,2064.5000000000005
10273,S18_4522,33,72.85,52.66,2404.0499999999997,666.27
10273,S24_2011,22,103.23,82.34,2271.06,459.58000000000004
10273,S24_3151,27,84.08,46.91,2270.16,1003.59
10273,S24_3816,48,83.86,48.64,4025.2799999999997,1690.56
10273,S700_1138,21,66.0,34.0,1386.0,672.0
10273,S700_1938,21,77.95,43.3,1636.95,727.6500000000001
10273,S700_2610,42,57.82,33.97,2428.44,1001.7
10273,S700_3505,40,91.15,51.09,3646.0,1602.4
10273,S700_3962,26,89.38,53.63,2323.88,929.4999999999998
10273,S72_3212,37,51.32,33.3,1898.84,666.7400000000001
10274,S18_1662,41,129.31,77.27,5301.71,2133.6400000000003
10274,S24_2841,40,56.86,34.25,2274.4,904.4
10274,S24_3420,24,65.09,26.3,1562.16,930.9600000000002
10274,S700_2047,24,75.13,39.83,1803.12,847.1999999999999
10274,S72_1253,32,49.66,32.77,1589.12,540.4799999999998
10275,S10_1678,45,81.35,48.81,3660.7499999999995,1464.2999999999997
10275,S10_2016,22,115.37,68.99,2538.1400000000003,1020.3600000000002
10275,S10_4698,36,154.93,91.02,5577.4800000000005,2300.76
10275,S18_2581,35,70.12,49.0,2454.2000000000003,739.2000000000002
10275,S18_2625,37,52.09,24.23,1927.3300000000002,1030.8200000000002
10275,S24_1578,21,105.94,60.86,2224.74,946.68
10275,S24_1785,25,97.38,66.74,2434.5,766.0
10275,S24_2000,30,61.7,37.32,1851.0,731.4000000000001
10275,S24_3949,41,58.0,29.34,2378.0,1175.06
10275,S24_4278,27,67.38,36.23,1819.2599999999998,841.05
10275,S32_1374,23,89.9,66.92,2067.7000000000003,528.5400000000001
10275,S32_4289,28,58.47,33.02,1637.1599999999999,712.5999999999999
10275,S50_1341,38,40.15,27.06,1525.7,497.42
10275,S700_1691,32,85.86,51.15,2747.52,1110.72
10275,S700_2466,39,82.77,68.8,3228.0299999999997,544.8299999999999
10275,S700_2834,48,102.04,59.33,4897.92,2050.0800000000004
10275,S700_3167,43,72.0,54.4,3096.0,756.8000000000001
10275,S700_4002,31,59.96,36.27,1858.76,734.3899999999999
10276,S12_1099,50,184.84,95.34,9242.0,4475.0
10276,S12_2823,43,150.62,66.27,6476.66,3627.05
10276,S12_3380,47,104.52,75.16,4912.44,1379.92
10276,S12_3990,38,67.83,31.92,2577.54,1364.58
10276,S18_3278,38,78.0,49.05,2964.0,1100.1000000000001
10276,S18_3482,30,139.64,73.49,4189.2,1984.4999999999998
10276,S18_3782,33,54.71,32.95,1805.43,718.0799999999999
10276,S18_4721,48,120.53,69.93,5785.4400000000005,2428.7999999999997
10276,S24_2360,46,61.64,47.1,2835.44,668.8399999999999
10276,S24_3371,20,58.17,38.58,1163.4,391.80000000000007
10276,S24_4620,48,67.1,32.33,3220.7999999999997,1668.9599999999998
10276,S32_2206,27,35.4,24.14,955.8,304.0199999999999
10276,S32_4485,38,94.91,56.13,3606.58,1473.6399999999999
10276,S50_4713,21,67.53,34.17,1418.13,700.56
10277,S12_4675,28,93.28,58.73,2611.84,967.4000000000001
10278,S18_1129,34,114.65,83.51,3898.1000000000004,1058.76
10278,S18_1589,23,107.02,65.96,2461.46,944.3800000000001
10278,S18_1889,29,73.15,53.9,2121.3500000000004,558.2500000000002
10278,S18_1984,29,118.07,93.89,3424.0299999999997,701.2199999999998
10278,S18_2870,39,117.48,56.76,4581.72,2368.0800000000004
10278,S18_3232,42,167.65,77.9,7041.3,3769.5
10278,S18_3685,31,114.44,62.16,3547.64,1620.68
10278,S24_1628,35,48.8,29.18,1708.0,686.6999999999999
10278,S24_2972,31,37.38,16.24,1158.78,655.3400000000001
10278,S24_3856,25,136.22,98.3,3405.5,948.0
10279,S18_4933,26,68.42,34.21,1778.92,889.46
10279,S24_1046,32,68.35,49.24,2187.2,611.5199999999998
10279,S24_2766,49,76.33,47.25,3740.17,1424.9199999999998
10279,S24_2887,48,106.87,72.82,5129.76,1634.4000000000005
10279,S24_3191,33,78.76,50.51,2599.0800000000004,932.2500000000002
10279,S24_3432,48,95.3,62.11,4574.4,1593.12
10280,S10_1949,34,205.73,98.58,6994.82,3643.1
10280,S18_1097,24,98.0,58.33,2352.0,952.08
10280,S18_1342,50,87.33,60.62,4366.5,1335.5
10280,S18_1367,27,47.44,24.26,1280.8799999999999,625.8599999999999
10280,S18_1749,26,161.5,86.7,4199.0,1944.8
10280,S18_2248,25,53.28,33.3,1332.0,499.5000000000001
10280,S18_2325,37,109.33,58.48,4045.21,1881.45
10280,S18_2795,22,158.63,72.56,3489.8599999999997,1893.54
10280,S18_2949,46,82.06,60.78,3774.76,978.8800000000001
10280,S18_2957,43,54.34,34.35,2336.6200000000003,859.57
10280,S18_3136,29,102.63,60.74,2976.27,1214.8099999999997
10280,S18_3320,34,99.21,57.54,3373.14,1416.7799999999997
10280,S18_4409,35,77.31,43.26,2705.85,1191.7500000000002
10280,S24_1937,20,29.87,22.57,597.4,146.0
10280,S24_2022,45,36.29,20.61,1633.05,705.6
10280,S24_3969,33,35.29,21.75,1164.57,446.82
10280,S24_4258,21,79.86,57.46,1677.06,470.4
10281,S10_4962,44,132.97,103.42,5850.68,1300.1999999999998
10281,S12_1666,25,127.1,77.9,3177.5,1229.9999999999998
10281,S12_4473,41,98.36,55.7,4032.7599999999998,1749.06
10281,S18_2319,48,114.14,74.86,5478.72,1885.44
10281,S18_2432,29,56.52,24.92,1639.0800000000002,916.4000000000001
10281,S18_3232,25,135.47,77.9,3386.75,1439.2499999999998
10281,S18_4600,25,96.86,84.76,2421.5,302.4999999999999
10281,S18_4668,44,42.76,23.14,1881.4399999999998,863.2799999999999
10281,S24_2300,25,112.46,61.34,2811.5,1277.9999999999998
10281,S24_2840,20,33.95,15.91,679.0,360.80000000000007
10281,S32_1268,29,80.9,53.93,2346.1000000000004,782.1300000000002
10281,S32_2509,31,44.91,25.98,1392.2099999999998,586.8299999999999
10281,S32_3522,36,59.47,33.61,2140.92,930.96
10281,S700_2824,27,89.01,46.53,2403.27,1146.96
10282,S12_1108,41,176.63,95.59,7241.83,3322.64
10282,S12_3148,27,142.02,89.14,3834.5400000000004,1427.7600000000002
10282,S12_3891,24,169.56,83.05,4069.44,2076.2400000000002
10282,S18_2238,23,147.36,101.51,3389.28,1054.5500000000002
10282,S18_3140,43,122.93,68.3,5285.990000000001,2349.0900000000006
10282,S18_3259,36,88.74,67.56,3194.64,762.4799999999998
10282,S18_4027,31,132.13,91.92,4096.03,1246.5099999999998
10282,S24_1444,29,49.71,32.37,1441.59,502.8600000000001
10282,S24_4048,39,96.99,69.78,3782.6099999999997,1061.1899999999998
10282,S32_3207,36,51.58,26.72,1856.8799999999999,894.96
10282,S50_1392,38,114.59,68.29,4354.42,1759.3999999999999
10282,S50_1514,37,56.24,37.49,2080.88,693.75
10282,S700_1938,43,77.95,43.3,3351.85,1489.9500000000003
10283,S10_4757,25,130.56,85.68,3264.0,1122.0
10283,S18_3029,21,78.28,51.61,1643.88,560.07
10283,S18_3856,46,100.58,64.58,4626.68,1656.0
10283,S18_4522,34,71.97,52.66,2446.98,656.5400000000001
10283,S24_2011,42,99.54,82.34,4180.68,722.4000000000001
10283,S24_3151,34,80.54,46.91,2738.36,1143.4200000000003
10283,S24_3816,33,77.15,48.64,2545.9500000000003,940.8300000000002
10283,S700_1138,45,62.0,34.0,2790.0,1260.0
10283,S700_2047,20,74.23,39.83,1484.6000000000001,688.0000000000001
10283,S700_2610,47,68.67,33.97,3227.4900000000002,1630.9
10283,S700_3505,22,88.15,51.09,1939.3000000000002,815.32
10283,S700_3962,38,85.41,53.63,3245.58,1207.6399999999999
10283,S72_1253,43,41.22,32.77,1772.46,363.3499999999998
10283,S72_3212,33,49.14,33.3,1621.6200000000001,522.7200000000001
10284,S18_1662,45,137.19,77.27,6173.55,2696.4
10284,S18_2581,31,68.43,49.0,2121.3300000000004,602.3300000000002
10284,S24_1785,22,101.76,66.74,2238.7200000000003,770.4400000000003
10284,S24_2841,30,65.08,34.25,1952.3999999999999,924.9
10284,S24_3420,39,59.83,26.3,2333.37,1307.67
10284,S24_3949,21,65.51,29.34,1375.71,759.57
10284,S24_4278,21,66.65,36.23,1399.65,638.8200000000002
10284,S32_4289,50,60.54,33.02,3027.0,1375.9999999999998
10284,S50_1341,33,35.78,27.06,1180.74,287.7600000000001
10284,S700_1691,24,87.69,51.15,2104.56,876.96
10284,S700_2466,45,95.73,68.8,4307.85,1211.8500000000004
10284,S700_3167,25,68.0,54.4,1700.0,340.00000000000006
10284,S700_4002,32,73.29,36.27,2345.28,1184.64
10285,S10_1678,36,95.7,48.81,3445.2000000000003,1688.04
10285,S10_2016,47,110.61,68.99,5198.67,1956.1400000000003
10285,S10_4698,27,166.55,91.02,4496.85,2039.3100000000004
10285,S12_2823,49,131.04,66.27,6420.96,3173.73
10285,S18_2625,20,50.88,24.23,1017.6,533.0
10285,S24_1578,34,91.29,60.86,3103.86,1034.6200000000003
10285,S24_2000,39,61.7,37.32,2406.3,950.82
10285,S24_2360,38,64.41,47.1,2447.58,657.7799999999999
10285,S32_1374,37,82.91,66.92,3067.67,591.6299999999998
10285,S32_2206,37,36.61,24.14,1354.57,461.39
10285,S32_4485,26,100.01,56.13,2600.26,1140.88
10285,S50_4713,39,76.48,34.17,2982.7200000000003,1650.0900000000001
10285,S700_2834,45,102.04,59.33,4591.8,1921.9500000000003
10286,S18_3782,38,51.6,32.95,1960.8,708.6999999999999
10287,S12_1099,21,190.68,95.34,4004.28,2002.14
10287,S12_3380,45,117.44,75.16,5284.8,1902.6000000000001
10287,S12_3990,41,74.21,31.92,3042.6099999999997,1733.8899999999996
10287,S12_4675,23,107.1,58.73,2463.2999999999997,1112.51
10287,S18_1129,41,113.23,83.51,4642.43,1218.52
10287,S18_1889,44,61.6,53.9,2710.4,338.8000000000001
10287,S18_1984,24,123.76,93.89,2970.2400000000002,716.8800000000001
10287,S18_2870,44,114.84,56.76,5052.96,2555.5200000000004
10287,S18_3232,36,137.17,77.9,4938.12,2133.7199999999993
10287,S18_3278,43,68.35,49.05,2939.0499999999997,829.8999999999999
10287,S18_3482,40,127.88,73.49,5115.2,2175.6
10287,S18_3685,27,139.87,62.16,3776.4900000000002,2098.17
10287,S18_4721,34,119.04,69.93,4047.36,1669.74
10287,S24_2972,36,31.34,16.24,1128.24,543.6
10287,S24_3371,20,58.17,38.58,1163.4,391.80000000000007
10287,S24_3856,36,137.62,98.3,4954.32,1415.5200000000002
10287,S24_4620,40,79.22,32.33,3168.8,1875.6
10288,S18_1589,20,120.71,65.96,2414.2,1095.0
10288,S18_1749,32,168.3,86.7,5385.6,2611.2000000000003
10288,S18_2248,28,50.25,33.3,1407.0,474.6000000000001
10288,S18_2325,31,102.98,58.48,3192.38,1379.5000000000002
10288,S18_4409,35,90.19,43.26,3156.65,1642.55
10288,S18_4933,23,57.02,34.21,1311.46,524.6300000000001
10288,S24_1046,36,66.88,49.24,2407.68,635.0399999999997
10288,S24_1628,50,49.3,29.18,2465.0,1005.9999999999999
10288,S24_1937,29,32.19,22.57,933.51,278.9799999999999
10288,S24_2766,35,81.78,47.25,2862.3,1208.55
10288,S24_2887,48,109.22,72.82,5242.5599999999995,1747.2000000000003
10288,S24_3191,34,76.19,50.51,2590.46,873.12
10288,S24_3432,41,101.73,62.11,4170.93,1624.42
10288,S24_3969,33,37.75,21.75,1245.75,528.0
10289,S18_1342,38,92.47,60.62,3513.86,1210.3
10289,S18_1367,24,44.75,24.26,1074.0,491.76
10289,S18_2795,43,141.75,72.56,6095.25,2975.17
10289,S24_2022,45,41.22,20.61,1854.8999999999999,927.4499999999999
10290,S18_3320,26,80.36,57.54,2089.36,593.32
10290,S24_4258,45,83.76,57.46,3769.2000000000003,1183.5000000000002
10291,S10_1949,37,210.01,98.58,7770.37,4122.91
10291,S10_4962,30,141.83,103.42,4254.900000000001,1152.3000000000004
10291,S12_1666,41,123.0,77.9,5043.0,1849.0999999999997
10291,S18_1097,41,96.84,58.33,3970.44,1578.9100000000003
10291,S18_2432,26,52.26,24.92,1358.76,710.8399999999999
10291,S18_2949,47,99.28,60.78,4666.16,1809.5
10291,S18_2957,37,56.21,34.35,2079.77,808.8199999999999
10291,S18_3136,23,93.2,60.74,2143.6,746.58
10291,S18_4600,48,96.86,84.76,4649.28,580.7999999999997
10291,S18_4668,29,45.28,23.14,1313.1200000000001,642.0600000000001
10291,S24_2300,48,109.9,61.34,5275.200000000001,2330.88
10291,S32_1268,26,82.83,53.93,2153.58,751.4
10291,S32_3522,32,53.0,33.61,1696.0,620.48
10291,S700_2824,28,86.99,46.53,2435.72,1132.8799999999999
10292,S12_4473,21,94.8,55.7,1990.8,821.0999999999999
10292,S18_2238,26,140.81,101.51,3661.06,1021.8
10292,S18_2319,41,103.09,74.86,4226.6900000000005,1157.43
10292,S18_3232,21,147.33,77.9,3093.9300000000003,1458.0300000000002
10292,S18_4027,44,114.9,91.92,5055.6,1011.1200000000001
10292,S24_1444,40,48.55,32.37,1942.0,647.2
10292,S24_2840,39,34.3,15.91,1337.6999999999998,717.2099999999999
10292,S24_4048,27,113.55,69.78,3065.85,1181.79
10292,S32_2509,50,54.11,25.98,2705.5,1406.5
10292,S32_3207,31,59.65,26.72,1849.1499999999999,1020.83
10292,S50_1392,41,113.44,68.29,4651.04,1851.1499999999996
10292,S50_1514,35,49.79,37.49,1742.6499999999999,430.4999999999999
10293,S12_1108,46,187.02,95.59,8602.92,4205.780000000001
10293,S12_3148,24,129.93,89.14,3118.32,978.9600000000002
10293,S12_3891,45,171.29,83.05,7708.049999999999,3970.7999999999997
10293,S18_3140,24,110.64,68.3,2655.36,1016.1600000000001
10293,S18_3259,22,91.76,67.56,2018.72,532.4000000000001
10293,S18_4522,49,72.85,52.66,3569.6499999999996,989.31
10293,S24_2011,21,111.83,82.34,2348.43,619.2899999999998
10293,S700_1938,29,77.95,43.3,2260.55,1004.8500000000001
10293,S72_3212,32,51.32,33.3,1642.24,576.6400000000001
10294,S700_3962,45,98.32,53.63,4424.4,2011.0499999999995
10295,S10_4757,24,136.0,85.68,3264.0,1207.6799999999998
10295,S24_3151,46,84.08,46.91,3867.68,1709.8200000000002
10295,S700_1138,26,62.0,34.0,1612.0,728.0
10295,S700_2610,44,71.56,33.97,3148.6400000000003,1653.96
10295,S700_3505,34,93.16,51.09,3167.44,1430.3799999999997
10296,S18_1662,36,146.65,77.27,5279.400000000001,2497.6800000000003
10296,S18_3029,21,69.68,51.61,1463.2800000000002,379.47000000000014
10296,S18_3856,22,105.87,64.58,2329.1400000000003,908.3800000000001
10296,S24_2841,21,60.97,34.25,1280.37,561.12
10296,S24_3420,31,63.78,26.3,1977.18,1161.88
10296,S24_3816,22,83.02,48.64,1826.4399999999998,756.3599999999999
10296,S24_3949,32,63.46,29.34,2030.72,1091.8400000000001
10296,S50_1341,26,41.02,27.06,1066.52,362.9600000000001
10296,S700_1691,42,75.81,51.15,3184.02,1035.7200000000003
10296,S700_2047,34,89.61,39.83,3046.74,1692.52
10296,S700_2466,24,96.73,68.8,2321.52,670.3200000000002
10296,S700_3167,22,74.4,54.4,1636.8000000000002,440.00000000000017
10296,S700_4002,47,61.44,36.27,2887.68,1182.9899999999998
10296,S72_1253,21,46.68,32.77,980.28,292.1099999999999
10297,S18_2581,25,81.95,49.0,2048.75,823.7500000000001
10297,S24_1785,32,107.23,66.74,3431.36,1295.6800000000003
10297,S24_2000,32,70.08,37.32,2242.56,1048.32
10297,S24_4278,23,71.73,36.23,1649.7900000000002,816.5000000000001
10297,S32_1374,26,88.9,66.92,2311.4,571.4800000000001
10297,S32_4289,28,63.29,33.02,1772.12,847.56
10297,S700_2834,35,111.53,59.33,3903.55,1827.0
10298,S10_2016,39,105.86,68.99,4128.54,1437.9300000000003
10298,S18_2625,32,60.57,24.23,1938.24,1162.88
10299,S10_1678,23,76.56,48.81,1760.88,638.25
10299,S10_4698,29,164.61,91.02,4773.6900000000005,2134.1100000000006
10299,S12_2823,24,123.51,66.27,2964.2400000000002,1373.7600000000002
10299,S18_3782,39,62.17,32.95,2424.63,1139.58
10299,S18_4721,49,119.04,69.93,5832.96,2406.39
10299,S24_1578,47,107.07,60.86,5032.29,2171.87
10299,S24_2360,33,58.87,47.1,1942.7099999999998,388.40999999999985
10299,S24_4620,32,66.29,32.33,2121.28,1086.7200000000003
10299,S32_2206,24,36.21,24.14,869.04,289.68
10299,S32_4485,38,84.7,56.13,3218.6,1085.66
10299,S50_4713,44,77.29,34.17,3400.76,1897.2800000000002
10300,S12_1099,33,184.84,95.34,6099.72,2953.5
10300,S12_3380,29,116.27,75.16,3371.83,1192.19
10300,S12_3990,22,76.61,31.92,1685.42,983.18
10300,S12_4675,23,95.58,58.73,2198.34,847.5500000000001
10300,S18_1889,41,63.14,53.9,2588.7400000000002,378.8400000000001
10300,S18_3278,49,65.94,49.05,3231.06,827.61
10300,S18_3482,23,144.05,73.49,3313.15,1622.8800000000003
10300,S24_3371,31,52.05,38.58,1613.55,417.56999999999994
10301,S18_1129,37,114.65,83.51,4242.05,1152.18
10301,S18_1589,32,118.22,65.96,3783.04,1672.3200000000002
10301,S18_1984,47,119.49,93.89,5616.03,1203.1999999999998
10301,S18_2870,22,113.52,56.76,2497.44,1248.72
10301,S18_3232,23,135.47,77.9,3115.81,1324.11
10301,S18_3685,39,137.04,62.16,5344.5599999999995,2920.3199999999997
10301,S24_1046,27,64.67,49.24,1746.0900000000001,416.61
10301,S24_1628,22,40.75,29.18,896.5,254.54000000000002
10301,S24_2972,48,32.1,16.24,1540.8000000000002,761.2800000000002
10301,S24_3432,22,86.73,62.11,1908.0600000000002,541.6400000000001
10301,S24_3856,50,122.17,98.3,6108.5,1193.5000000000002
10302,S18_1749,43,166.6,86.7,7163.8,3435.7
10302,S18_4409,38,82.83,43.26,3147.54,1503.66
10302,S18_4933,23,70.56,34.21,1622.88,836.0500000000001
10302,S24_2766,49,75.42,47.25,3695.58,1380.3300000000002
10302,S24_2887,45,104.52,72.82,4703.4,1426.5000000000002
10302,S24_3191,48,74.48,50.51,3575.04,1150.5600000000004
10303,S18_2248,46,56.91,33.3,2617.8599999999997,1086.06
10303,S24_3969,24,35.7,21.75,856.8000000000001,334.80000000000007
10304,S10_1949,47,201.44,98.58,9467.68,4834.42
10304,S12_1666,39,117.54,77.9,4584.06,1545.96
10304,S18_1097,46,106.17,58.33,4883.82,2200.6400000000003
10304,S18_1342,37,95.55,60.62,3535.35,1292.41
10304,S18_1367,37,46.9,24.26,1735.3,837.6799999999998
10304,S18_2325,24,102.98,58.48,2471.52,1068.0000000000002
10304,S18_2795,20,141.75,72.56,2835.0,1383.8
10304,S18_2949,46,98.27,60.78,4520.42,1724.5399999999997
10304,S18_2957,24,54.34,34.35,1304.16,479.76000000000005
10304,S18_3136,26,90.06,60.74,2341.56,762.32
10304,S18_3320,38,95.24,57.54,3619.12,1432.6
10304,S18_4668,34,44.27,23.14,1505.18,718.4200000000001
10304,S24_1937,23,29.21,22.57,671.83,152.72000000000003
10304,S24_2022,44,42.11,20.61,1852.84,946.0
10304,S24_4258,33,80.83,57.46,2667.39,771.2099999999999
10304,S32_3522,36,52.36,33.61,1884.96,675.0
10304,S700_2824,40,80.92,46.53,3236.8,1375.6
10305,S10_4962,38,130.01,103.42,4940.379999999999,1010.4199999999996
10305,S12_4473,38,107.84,55.7,4097.92,1981.32
10305,S18_2238,27,132.62,101.51,3580.7400000000002,839.97
10305,S18_2319,36,117.82,74.86,4241.5199999999995,1546.5599999999997
10305,S18_2432,41,58.95,24.92,2416.9500000000003,1395.23
10305,S18_3232,37,160.87,77.9,5952.1900000000005,3069.89
10305,S18_4600,22,112.6,84.76,2477.2,612.4799999999998
10305,S24_1444,45,48.55,32.37,2184.75,728.1
10305,S24_2300,24,107.34,61.34,2576.16,1104.0
10305,S24_2840,48,30.76,15.91,1476.48,712.8000000000001
10305,S24_4048,36,118.28,69.78,4258.08,1746.0
10305,S32_1268,28,94.38,53.93,2642.64,1132.6
10305,S32_2509,40,48.7,25.98,1948.0,908.8000000000001
10305,S50_1392,42,109.96,68.29,4618.32,1750.1399999999994
10306,S12_1108,31,182.86,95.59,5668.660000000001,2705.3700000000003
10306,S12_3148,34,145.04,89.14,4931.36,1900.5999999999997
10306,S12_3891,20,145.34,83.05,2906.8,1245.8000000000002
10306,S18_3140,32,114.74,68.3,3671.68,1486.08
10306,S18_3259,40,83.7,67.56,3348.0,645.6
10306,S18_4027,23,126.39,91.92,2906.97,792.81
10306,S18_4522,39,85.14,52.66,3320.46,1266.7200000000003
10306,S24_2011,29,109.37,82.34,3171.73,783.87
10306,S24_3151,31,76.12,46.91,2359.7200000000003,905.5100000000002
10306,S32_3207,46,60.28,26.72,2772.88,1543.7600000000002
10306,S50_1514,34,51.55,37.49,1752.6999999999998,478.03999999999985
10306,S700_1138,50,61.34,34.0,3067.0,1367.0000000000002
10306,S700_1938,38,73.62,43.3,2797.5600000000004,1152.1600000000003
10306,S700_2610,43,62.16,33.97,2672.8799999999997,1212.1699999999998
10306,S700_3505,32,99.17,51.09,3173.44,1538.56
10306,S700_3962,30,87.39,53.63,2621.7,1012.8
10306,S72_3212,35,48.05,33.3,1681.75,516.25
10307,S10_4757,22,118.32,85.68,2603.04,718.0799999999997
10307,S18_1662,39,135.61,77.27,5288.790000000001,2275.2600000000007
10307,S18_3029,31,71.4,51.61,2213.4,613.4900000000002
10307,S18_3856,48,92.11,64.58,4421.28,1321.44
10307,S24_2841,25,58.23,34.25,1455.75,599.4999999999999
10307,S24_3420,22,64.44,26.3,1417.6799999999998,839.08
10307,S24_3816,22,75.47,48.64,1660.34,590.26
10307,S700_2047,34,81.47,39.83,2769.98,1415.76
10307,S72_1253,34,44.2,32.77,1502.8000000000002,388.62
10308,S10_2016,34,115.37,68.99,3922.58,1576.9200000000003
10308,S10_4698,20,187.85,91.02,3757.0,1936.6
10308,S18_2581,27,81.95,49.0,2212.65,889.6500000000001
10308,S18_2625,34,48.46,24.23,1647.64,823.82
10308,S24_1785,31,99.57,66.74,3086.6699999999996,1017.7299999999999
10308,S24_2000,47,68.55,37.32,3221.85,1467.81
10308,S24_3949,43,58.0,29.34,2494.0,1232.38
10308,S24_4278,44,71.73,36.23,3156.1200000000003,1562.0000000000002
10308,S32_1374,24,99.89,66.92,2397.36,791.28
10308,S32_4289,46,61.22,33.02,2816.12,1297.1999999999998
10308,S50_1341,47,37.09,27.06,1743.2300000000002,471.4100000000002
10308,S700_1691,21,73.07,51.15,1534.4699999999998,460.3199999999999
10308,S700_2466,35,88.75,68.8,3106.25,698.2500000000001
10308,S700_2834,31,100.85,59.33,3126.35,1287.12
10308,S700_3167,21,79.2,54.4,1663.2,520.8000000000001
10308,S700_4002,39,62.93,36.27,2454.27,1039.7399999999998
10309,S10_1678,41,94.74,48.81,3884.3399999999997,1883.1299999999997
10309,S12_2823,26,144.6,66.27,3759.6,2036.58
10309,S24_1578,21,96.92,60.86,2035.32,757.26
10309,S24_2360,24,59.56,47.1,1429.44,299.04
10309,S32_4485,50,93.89,56.13,4694.5,1888.0
10309,S50_4713,28,74.04,34.17,2073.1200000000003,1116.3600000000001
10310,S12_1099,33,165.38,95.34,5457.54,2311.3199999999997
10310,S12_3380,24,105.7,75.16,2536.8,732.9600000000002
10310,S12_3990,49,77.41,31.92,3793.0899999999997,2229.0099999999998
10310,S12_4675,25,101.34,58.73,2533.5,1065.2500000000002
10310,S18_1129,37,128.8,83.51,4765.6,1675.7300000000002
10310,S18_1889,20,66.99,53.9,1339.8,261.79999999999995
10310,S18_1984,24,129.45,93.89,3106.7999999999997,853.4399999999997
10310,S18_3232,48,159.18,77.9,7640.64,3901.44
10310,S18_3278,27,70.76,49.05,1910.5200000000002,586.1700000000002
10310,S18_3482,49,122.0,73.49,5978.0,2376.9900000000002
10310,S18_3782,42,59.06,32.95,2480.52,1096.62
10310,S18_4721,40,133.92,69.93,5356.799999999999,2559.5999999999995
10310,S24_2972,33,33.23,16.24,1096.59,560.67
10310,S24_3371,38,50.21,38.58,1907.98,441.9400000000001
10310,S24_3856,45,139.03,98.3,6256.35,1832.8500000000001
10310,S24_4620,49,75.18,32.33,3683.82,2099.6500000000005
10310,S32_2206,36,38.62,24.14,1390.32,521.2799999999999
10311,S18_1589,29,124.44,65.96,3608.7599999999998,1695.92
10311,S18_2870,43,114.84,56.76,4938.12,2497.44
10311,S18_3685,32,134.22,62.16,4295.04,2305.92
10311,S18_4409,41,92.03,43.26,3773.23,1999.5700000000002
10311,S18_4933,25,66.99,34.21,1674.7499999999998,819.4999999999999
10311,S24_1046,26,70.55,49.24,1834.3,554.0599999999998
10311,S24_1628,45,48.8,29.18,2196.0,882.8999999999999
10311,S24_2766,28,89.05,47.25,2493.4,1170.3999999999999
10311,S24_2887,43,116.27,72.82,4999.61,1868.3500000000001
10311,S24_3191,25,85.61,50.51,2140.25,877.5
10311,S24_3432,46,91.02,62.11,4186.92,1329.86
10312,S10_1949,48,214.3,98.58,10286.400000000001,5554.56
10312,S18_1097,32,101.5,58.33,3248.0,1381.44
10312,S18_1342,43,102.74,60.62,4417.82,1811.1599999999999
10312,S18_1367,25,43.67,24.26,1091.75,485.25
10312,S18_1749,48,146.2,86.7,7017.599999999999,2855.999999999999
10312,S18_2248,30,48.43,33.3,1452.9,453.9000000000001
10312,S18_2325,31,111.87,58.48,3467.9700000000003,1655.0900000000001
10312,S18_2795,25,150.19,72.56,3754.75,1940.75
10312,S18_2949,37,91.18,60.78,3373.6600000000003,1124.8000000000002
10312,S18_2957,35,54.34,34.35,1901.9,699.6500000000001
10312,S18_3136,38,93.2,60.74,3541.6,1233.48
10312,S18_3320,33,84.33,57.54,2782.89,884.0699999999999
10312,S18_4668,39,44.27,23.14,1726.5300000000002,824.07
10312,S24_1937,39,27.88,22.57,1087.32,207.08999999999995
10312,S24_2022,23,43.46,20.61,999.58,525.5500000000001
10312,S24_3969,31,40.21,21.75,1246.51,572.26
10312,S24_4258,44,96.42,57.46,4242.4800000000005,1714.24
10313,S10_4962,40,141.83,103.42,5673.200000000001,1536.4000000000005
10313,S12_1666,21,131.2,77.9,2755.2,1119.2999999999997
10313,S18_2319,29,109.23,74.86,3167.67,996.7300000000001
10313,S18_2432,34,52.87,24.92,1797.58,950.2999999999998
10313,S18_3232,25,143.94,77.9,3598.5,1650.9999999999998
10313,S18_4600,28,110.18,84.76,3085.04,711.76
10313,S24_2300,42,102.23,61.34,4293.66,1717.38
10313,S32_1268,27,96.31,53.93,2600.37,1144.26
10313,S32_2509,38,48.7,25.98,1850.6000000000001,863.3600000000001
10313,S32_3522,34,55.59,33.61,1890.0600000000002,747.3200000000002
10313,S700_2824,30,96.09,46.53,2882.7000000000003,1486.8000000000002
10314,S12_1108,38,176.63,95.59,6711.94,3079.5199999999995
10314,S12_3148,46,125.4,89.14,5768.400000000001,1667.9600000000003
10314,S12_3891,36,169.56,83.05,6104.16,3114.36
10314,S12_4473,45,95.99,55.7,4319.55,1813.0499999999997
10314,S18_2238,42,135.9,101.51,5707.8,1444.38
10314,S18_3140,20,129.76,68.3,2595.2,1229.1999999999998
10314,S18_3259,23,84.71,67.56,1948.33,394.4499999999998
10314,S18_4027,29,129.26,91.92,3748.54,1082.8599999999997
10314,S24_1444,44,51.44,32.37,2263.3599999999997,839.08
10314,S24_2840,39,31.82,15.91,1240.98,620.49
10314,S24_4048,38,111.18,69.78,4224.84,1573.2000000000003
10314,S32_3207,35,58.41,26.72,2044.35,1109.1499999999999
10314,S50_1392,28,115.75,68.29,3241.0,1328.8799999999999
10314,S50_1514,38,50.38,37.49,1914.44,489.82000000000005
10314,S700_1938,23,83.15,43.3,1912.45,916.5500000000002
10315,S18_4522,36,78.12,52.66,2812.32,916.5600000000003
10315,S24_2011,35,111.83,82.34,3914.0499999999997,1032.1499999999999
10315,S24_3151,24,78.77,46.91,1890.48,764.64
10315,S700_1138,41,60.67,34.0,2487.4700000000003,1093.47
10315,S700_3505,31,99.17,51.09,3074.27,1490.48
10315,S700_3962,37,88.39,53.63,3270.43,1286.12
10315,S72_3212,40,51.32,33.3,2052.8,720.8000000000002
10316,S10_4757,33,126.48,85.68,4173.84,1346.3999999999999
10316,S18_1662,27,140.34,77.27,3789.1800000000003,1702.89
10316,S18_3029,21,72.26,51.61,1517.46,433.6500000000001
10316,S18_3856,47,89.99,64.58,4229.53,1194.2699999999998
10316,S24_1785,25,93.01,66.74,2325.25,656.7500000000002
10316,S24_2841,34,67.14,34.25,2282.76,1118.26
10316,S24_3420,47,55.23,26.3,2595.81,1359.7099999999998
10316,S24_3816,25,77.15,48.64,1928.7500000000002,712.7500000000001
10316,S24_3949,30,67.56,29.34,2026.8000000000002,1146.6
10316,S32_4289,24,59.16,33.02,1419.84,627.3599999999999
10316,S50_1341,34,36.66,27.06,1246.4399999999998,326.3999999999999
10316,S700_1691,34,74.9,51.15,2546.6000000000004,807.5000000000002
10316,S700_2047,45,73.32,39.83,3299.3999999999996,1507.0499999999997
10316,S700_2466,23,85.76,68.8,1972.48,390.08000000000015
10316,S700_2610,48,67.22,33.97,3226.56,1596.0
10316,S700_3167,48,77.6,54.4,3724.7999999999997,1113.6
10316,S700_4002,44,68.11,36.27,2996.84,1400.9599999999998
10316,S72_1253,34,43.7,32.77,1485.8000000000002,371.62
10317,S24_4278,35,69.55,36.23,2434.25,1166.2
10318,S10_1678,46,84.22,48.81,3874.12,1628.86
10318,S10_2016,45,102.29,68.99,4603.05,1498.5000000000005
10318,S10_4698,37,189.79,91.02,7022.23,3654.49
10318,S18_2581,31,81.95,49.0,2540.4500000000003,1021.45
10318,S18_2625,42,49.67,24.23,2086.14,1068.48
10318,S24_1578,48,93.54,60.86,4489.92,1568.6400000000003
10318,S24_2000,26,60.94,37.32,1584.44,614.1199999999999
10318,S32_1374,47,81.91,66.92,3849.77,704.5299999999997
10318,S700_2834,50,102.04,59.33,5102.0,2135.5000000000005
10319,S12_2823,30,134.05,66.27,4021.5000000000005,2033.4000000000005
10319,S18_3278,46,77.19,49.05,3550.74,1294.44
10319,S18_3782,44,54.71,32.95,2407.2400000000002,957.4399999999999
10319,S18_4721,45,120.53,69.93,5423.85,2276.9999999999995
10319,S24_2360,31,65.8,47.1,2039.8,579.6999999999998
10319,S24_4620,43,78.41,32.33,3371.6299999999997,1981.4399999999998
10319,S32_2206,29,35.0,24.14,1015.0,314.94
10319,S32_4485,22,96.95,56.13,2132.9,898.04
10319,S50_4713,45,79.73,34.17,3587.8500000000004,2050.2000000000003
10320,S12_1099,31,184.84,95.34,5730.04,2774.5
10320,S12_3380,35,102.17,75.16,3575.9500000000003,945.3500000000001
10320,S12_3990,38,63.84,31.92,2425.92,1212.96
10320,S18_3482,25,139.64,73.49,3490.9999999999995,1653.7499999999998
10320,S24_3371,26,60.62,38.58,1576.12,573.04
10321,S12_4675,24,105.95,58.73,2542.8,1133.2800000000002
10321,S18_1129,41,123.14,83.51,5048.74,1624.83
10321,S18_1589,44,120.71,65.96,5311.24,2409.0
10321,S18_1889,37,73.92,53.9,2735.04,740.7400000000001
10321,S18_1984,25,142.25,93.89,3556.25,1209.0
10321,S18_2870,27,126.72,56.76,3421.44,1888.9200000000003
10321,S18_3232,33,164.26,77.9,5420.58,2849.8799999999997
10321,S18_3685,28,138.45,62.16,3876.5999999999995,2136.12
10321,S24_1046,30,68.35,49.24,2050.5,573.2999999999997
10321,S24_1628,48,42.76,29.18,2052.48,651.8399999999999
10321,S24_2766,30,74.51,47.25,2235.3,817.8000000000002
10321,S24_2972,37,31.72,16.24,1173.6399999999999,572.76
10321,S24_3191,39,81.33,50.51,3171.87,1201.98
10321,S24_3432,21,103.87,62.11,2181.27,876.9600000000002
10321,S24_3856,26,137.62,98.3,3578.12,1022.3200000000002
10322,S10_1949,40,180.01,98.58,7200.4,3257.2
10322,S10_4962,46,141.83,103.42,6524.18,1766.8600000000006
10322,S12_1666,27,136.67,77.9,3690.0899999999997,1586.7899999999995
10322,S18_1097,22,101.5,58.33,2233.0,949.74
10322,S18_1342,43,92.47,60.62,3976.21,1369.55
10322,S18_1367,41,44.21,24.26,1812.6100000000001,817.9499999999999
10322,S18_2325,50,120.77,58.48,6038.5,3114.5
10322,S18_2432,35,57.12,24.92,1999.1999999999998,1126.9999999999998
10322,S18_2795,36,158.63,72.56,5710.68,3098.5199999999995
10322,S18_2949,33,100.3,60.78,3309.9,1304.1599999999999
10322,S18_2957,41,54.34,34.35,2227.94,819.59
10322,S18_3136,48,90.06,60.74,4322.88,1407.3600000000001
10322,S24_1937,20,26.55,22.57,531.0,79.60000000000001
10322,S24_2022,30,40.77,20.61,1223.1000000000001,604.8000000000001
10323,S18_3320,33,88.3,57.54,2913.9,1015.0799999999999
10323,S18_4600,47,96.86,84.76,4552.42,568.6999999999997
10324,S12_3148,27,148.06,89.14,3997.62,1590.8400000000001
10324,S12_4473,26,100.73,55.7,2618.98,1170.78
10324,S18_2238,47,142.45,101.51,6695.15,1924.1799999999992
10324,S18_2319,33,105.55,74.86,3483.15,1012.77
10324,S18_3232,27,137.17,77.9,3703.5899999999997,1600.2899999999995
10324,S18_4027,49,120.64,91.92,5911.36,1407.28
10324,S18_4668,38,49.81,23.14,1892.7800000000002,1013.46
10324,S24_1444,25,49.71,32.37,1242.75,433.5000000000001
10324,S24_2300,31,107.34,61.34,3327.54,1426.0
10324,S24_2840,30,29.35,15.91,880.5,403.20000000000005
10324,S24_4258,33,95.44,57.46,3149.52,1253.34
10324,S32_1268,20,91.49,53.93,1829.8,751.1999999999999
10324,S32_3522,48,60.76,33.61,2916.48,1303.1999999999998
10324,S700_2824,34,80.92,46.53,2751.28,1169.26
10325,S10_4757,47,111.52,85.68,5241.44,1214.4799999999996
10325,S12_1108,42,193.25,95.59,8116.5,4101.72
10325,S12_3891,24,166.1,83.05,3986.3999999999996,1993.1999999999998
10325,S18_3140,24,114.74,68.3,2753.7599999999998,1114.56
10325,S24_4048,44,114.73,69.78,5048.12,1977.8000000000002
10325,S32_2509,38,44.37,25.98,1686.06,698.8199999999999
10325,S32_3207,28,55.3,26.72,1548.3999999999999,800.24
10325,S50_1392,38,99.55,68.29,3782.9,1187.8799999999997
10325,S50_1514,44,56.24,37.49,2474.56,825.0
10326,S18_3259,32,94.79,67.56,3033.28,871.3600000000001
10326,S18_4522,50,73.73,52.66,3686.5,1053.5000000000005
10326,S24_2011,41,120.43,82.34,4937.63,1561.69
10326,S24_3151,41,86.74,46.91,3556.3399999999997,1633.03
10326,S24_3816,20,81.34,48.64,1626.8000000000002,654.0
10326,S700_1138,39,60.67,34.0,2366.13,1040.13
10327,S18_1662,25,154.54,77.27,3863.5,1931.75
10327,S18_2581,45,74.34,49.0,3345.3,1140.3000000000002
10327,S18_3029,25,74.84,51.61,1871.0,580.7500000000001
10327,S700_1938,20,79.68,43.3,1593.6000000000001,727.6000000000001
10327,S700_2610,21,65.05,33.97,1366.05,652.68
10327,S700_3505,43,85.14,51.09,3661.02,1464.1499999999999
10327,S700_3962,37,83.42,53.63,3086.54,1102.23
10327,S72_3212,37,48.05,33.3,1777.85,545.75
10328,S18_3856,34,104.81,64.58,3563.54,1367.8200000000002
10328,S24_1785,47,87.54,66.74,4114.38,977.6000000000006
10328,S24_2841,48,67.82,34.25,3255.3599999999997,1611.3599999999997
10328,S24_3420,20,56.55,26.3,1131.0,604.9999999999999
10328,S24_3949,35,55.96,29.34,1958.6000000000001,931.7
10328,S24_4278,43,69.55,36.23,2990.65,1432.76
10328,S32_4289,24,57.1,33.02,1370.4,577.92
10328,S50_1341,34,42.33,27.06,1439.22,519.18
10328,S700_1691,27,84.03,51.15,2268.81,887.7600000000001
10328,S700_2047,41,75.13,39.83,3080.33,1447.3
10328,S700_2466,37,95.73,68.8,3542.01,996.4100000000003
10328,S700_2834,33,117.46,59.33,3876.18,1918.29
10328,S700_3167,33,71.2,54.4,2349.6,554.4000000000001
10328,S700_4002,39,69.59,36.27,2714.01,1299.48
10329,S10_1678,42,80.39,48.81,3376.38,1326.36
10329,S10_2016,20,109.42,68.99,2188.4,808.6000000000001
10329,S10_4698,26,164.61,91.02,4279.860000000001,1913.3400000000004
10329,S12_1099,41,182.9,95.34,7498.900000000001,3589.96
10329,S12_2823,24,128.03,66.27,3072.7200000000003,1482.2400000000002
10329,S12_3380,46,117.44,75.16,5402.24,1944.88
10329,S12_3990,33,74.21,31.92,2448.93,1395.5699999999997
10329,S12_4675,39,102.49,58.73,3997.1099999999997,1706.6399999999999
10329,S18_1889,29,66.22,53.9,1920.3799999999999,357.28000000000003
10329,S18_2625,38,55.72,24.23,2117.36,1196.62
10329,S18_3278,38,65.13,49.05,2474.9399999999996,611.04
10329,S24_1578,30,104.81,60.86,3144.3,1318.5
10329,S24_2000,37,71.6,37.32,2649.2,1268.3599999999997
10329,S32_1374,45,80.91,66.92,3640.95,629.5499999999997
10329,S72_1253,44,41.22,32.77,1813.6799999999998,371.79999999999984
10330,S18_3482,37,136.7,73.49,5057.9,2338.77
10330,S18_3782,29,59.06,32.95,1712.74,757.1899999999999
10330,S18_4721,50,133.92,69.93,6695.999999999999,3199.499999999999
10330,S24_2360,42,56.1,47.1,2356.2000000000003,378.0
10331,S18_1129,46,120.31,83.51,5534.26,1692.8
10331,S18_1589,44,99.55,65.96,4380.2,1477.96
10331,S18_1749,44,154.7,86.7,6806.799999999999,2991.9999999999995
10331,S18_1984,30,135.14,93.89,4054.2,1237.4999999999995
10331,S18_2870,26,130.68,56.76,3397.6800000000003,1921.9200000000005
10331,S18_3232,27,169.34,77.9,4572.18,2468.88
10331,S18_3685,26,132.8,62.16,3452.8,1836.6400000000003
10331,S24_2972,27,37.0,16.24,999.0,560.5200000000001
10331,S24_3371,25,55.11,38.58,1377.75,413.25
10331,S24_3856,21,139.03,98.3,2919.63,855.33
10331,S24_4620,41,70.33,32.33,2883.5299999999997,1558.0
10331,S32_2206,28,33.39,24.14,934.9200000000001,259.0
10331,S32_4485,32,100.01,56.13,3200.32,1404.16
10331,S50_4713,20,74.04,34.17,1480.8000000000002,797.4000000000001
10332,S18_1342,46,89.38,60.62,4111.48,1322.9599999999998
10332,S18_1367,27,51.21,24.26,1382.67,727.65
10332,S18_2248,38,53.88,33.3,2047.44,782.0400000000002
10332,S18_2325,35,116.96,58.48,4093.6,2046.8
10332,S18_2795,24,138.38,72.56,3321.12,1579.6799999999998
10332,S18_2957,26,53.09,34.35,1380.3400000000001,487.24000000000007
10332,S18_3136,40,100.53,60.74,4021.2,1591.6
10332,S18_4409,50,92.03,43.26,4601.5,2438.5
10332,S18_4933,21,70.56,34.21,1481.76,763.35
10332,S24_1046,23,61.73,49.24,1419.79,287.26999999999987
10332,S24_1628,20,47.29,29.18,945.8,362.2
10332,S24_1937,45,29.87,22.57,1344.15,328.50000000000006
10332,S24_2022,26,43.01,20.61,1118.26,582.4
10332,S24_2766,39,84.51,47.25,3295.8900000000003,1453.14
10332,S24_2887,44,108.04,72.82,4753.76,1549.6800000000005
10332,S24_3191,45,77.91,50.51,3505.95,1233.0
10332,S24_3432,31,94.23,62.11,2921.13,995.7200000000001
10332,S24_3969,41,34.47,21.75,1413.27,521.52
10333,S10_1949,26,188.58,98.58,4903.08,2340.0000000000005
10333,S12_1666,33,121.64,77.9,4014.12,1443.4199999999998
10333,S18_1097,29,110.84,58.33,3214.36,1522.7900000000002
10333,S18_2949,31,95.23,60.78,2952.13,1067.95
10333,S18_3320,46,95.24,57.54,4381.04,1734.1999999999998
10333,S18_4668,24,42.26,23.14,1014.24,458.87999999999994
10333,S24_4258,39,95.44,57.46,3722.16,1481.2199999999998
10333,S32_3522,33,62.05,33.61,2047.6499999999999,938.52
10334,S10_4962,26,130.01,103.42,3380.2599999999998,691.3399999999997
10334,S18_2319,46,108.0,74.86,4968.0,1524.44
10334,S18_2432,34,52.87,24.92,1797.58,950.2999999999998
10334,S18_3232,20,147.33,77.9,2946.6000000000004,1388.6000000000001
10334,S18_4600,49,101.71,84.76,4983.79,830.5499999999995
10334,S24_2300,42,117.57,61.34,4937.94,2361.6599999999994
10335,S24_2840,33,32.88,15.91,1085.0400000000002,560.0100000000001
10335,S32_1268,44,77.05,53.93,3390.2,1017.2799999999999
10335,S32_2509,40,49.78,25.98,1991.2,952.0
10336,S12_1108,33,176.63,95.59,5828.79,2674.3199999999997
10336,S12_3148,33,126.91,89.14,4188.03,1246.4099999999999
10336,S12_3891,49,141.88,83.05,6952.12,2882.67
10336,S12_4473,38,95.99,55.7,3647.62,1531.0199999999998
10336,S18_2238,49,153.91,101.51,7541.59,2567.5999999999995
10336,S18_3140,48,135.22,68.3,6490.5599999999995,3212.16
10336,S18_3259,21,100.84,67.56,2117.64,698.88
10336,S24_1444,45,49.71,32.37,2236.95,780.3000000000002
10336,S24_4048,31,113.55,69.78,3520.0499999999997,1356.87
10336,S32_3207,31,59.03,26.72,1829.93,1001.6100000000001
10336,S50_1392,23,109.96,68.29,2529.08,958.4099999999997
10336,S700_2824,46,94.07,46.53,4327.219999999999,2186.8399999999997
10337,S10_4757,25,131.92,85.68,3297.9999999999995,1155.9999999999995
10337,S18_4027,36,140.75,91.92,5067.0,1757.8799999999999
10337,S18_4522,29,76.36,52.66,2214.44,687.3000000000001
10337,S24_2011,29,119.2,82.34,3456.8,1068.94
10337,S50_1514,21,54.48,37.49,1144.08,356.7899999999999
10337,S700_1938,36,73.62,43.3,2650.32,1091.5200000000002
10337,S700_3505,31,84.14,51.09,2608.34,1024.55
10337,S700_3962,36,83.42,53.63,3003.12,1072.44
10337,S72_3212,42,49.14,33.3,2063.88,665.2800000000002
10338,S18_1662,41,137.19,77.27,5624.79,2456.7200000000003
10338,S18_3029,28,80.86,51.61,2264.08,819.0
10338,S18_3856,45,93.17,64.58,4192.65,1286.5500000000002
10339,S10_2016,40,117.75,68.99,4710.0,1950.4
10339,S10_4698,39,178.17,91.02,6948.629999999999,3398.8499999999995
10339,S18_2581,27,79.41,49.0,2144.0699999999997,821.0699999999999
10339,S18_2625,30,48.46,24.23,1453.8,726.9
10339,S24_1578,27,96.92,60.86,2616.84,973.6200000000001
10339,S24_1785,21,106.14,66.74,2228.94,827.4000000000001
10339,S24_2841,55,67.82,34.25,3730.0999999999995,1846.3499999999997
10339,S24_3151,55,73.46,46.91,4040.2999999999997,1460.2499999999998
10339,S24_3420,29,57.86,26.3,1677.94,915.24
10339,S24_3816,42,72.96,48.64,3064.3199999999997,1021.4399999999997
10339,S24_3949,45,57.32,29.34,2579.4,1259.1
10339,S700_1138,22,53.34,34.0,1173.48,425.4800000000001
10339,S700_2047,55,86.9,39.83,4779.5,2588.8500000000004
10339,S700_2610,50,62.16,33.97,3108.0,1409.5
10339,S700_4002,50,66.63,36.27,3331.5,1517.9999999999995
10339,S72_1253,27,49.66,32.77,1340.82,456.0299999999998
10340,S24_2000,55,62.46,37.32,3435.3,1382.7
10340,S24_4278,40,63.76,36.23,2550.4,1101.2
10340,S32_1374,55,95.89,66.92,5273.95,1593.35
10340,S32_4289,39,67.41,33.02,2628.99,1341.2099999999998
10340,S50_1341,40,37.09,27.06,1483.6000000000001,401.20000000000016
10340,S700_1691,30,73.99,51.15,2219.7,685.1999999999999
10340,S700_2466,55,81.77,68.8,4497.349999999999,713.3499999999999
10340,S700_2834,29,98.48,59.33,2855.92,1135.3500000000001
10341,S10_1678,41,84.22,48.81,3453.02,1451.81
10341,S12_1099,45,192.62,95.34,8667.9,4377.6
10341,S12_2823,55,120.5,66.27,6627.5,2982.65
10341,S12_3380,44,111.57,75.16,4909.08,1602.04
10341,S12_3990,36,77.41,31.92,2786.7599999999998,1637.6399999999999
10341,S12_4675,55,109.4,58.73,6017.0,2786.8500000000004
10341,S24_2360,32,63.03,47.1,2016.96,509.76
10341,S32_4485,31,95.93,56.13,2973.8300000000004,1233.8000000000002
10341,S50_4713,38,78.11,34.17,2968.18,1669.7199999999998
10341,S700_3167,34,70.4,54.4,2393.6000000000004,544.0000000000002
10342,S18_1129,40,118.89,83.51,4755.6,1415.1999999999998
10342,S18_1889,55,63.14,53.9,3472.7,508.2000000000001
10342,S18_1984,22,115.22,93.89,2534.84,469.26
10342,S18_3232,30,167.65,77.9,5029.5,2692.5
10342,S18_3278,25,76.39,49.05,1909.75,683.5000000000001
10342,S18_3482,55,136.7,73.49,7518.499999999999,3476.5499999999997
10342,S18_3782,26,57.82,32.95,1503.32,646.6199999999999
10342,S18_4721,38,124.99,69.93,4749.62,2092.2799999999997
10342,S24_2972,39,30.59,16.24,1193.01,559.6500000000001
10342,S24_3371,48,60.01,38.58,2880.48,1028.6399999999999
10342,S24_3856,42,112.34,98.3,4718.28,589.6800000000003
10343,S18_1589,36,109.51,65.96,3942.36,1567.8000000000004
10343,S18_2870,25,118.8,56.76,2970.0,1551.0
10343,S18_3685,44,127.15,62.16,5594.6,2859.5600000000004
10343,S24_1628,27,44.78,29.18,1209.06,421.20000000000005
10343,S24_4620,30,76.8,32.33,2304.0,1334.1
10343,S32_2206,29,37.41,24.14,1084.8899999999999,384.82999999999987
10344,S18_1749,45,168.3,86.7,7573.500000000001,3672.0000000000005
10344,S18_2248,40,49.04,33.3,1961.6,629.6000000000001
10344,S18_2325,30,118.23,58.48,3546.9,1792.5000000000002
10344,S18_4409,21,80.99,43.26,1700.79,792.3299999999999
10344,S18_4933,26,68.42,34.21,1778.92,889.46
10344,S24_1046,29,61.0,49.24,1769.0,341.03999999999996
10344,S24_1937,20,27.88,22.57,557.6,106.19999999999997
10345,S24_2022,43,38.98,20.61,1676.1399999999999,789.9099999999999
10346,S18_1342,42,88.36,60.62,3711.12,1165.0800000000002
10346,S24_2766,25,87.24,47.25,2181.0,999.7499999999999
10346,S24_2887,24,117.44,72.82,2818.56,1070.88
10346,S24_3191,24,80.47,50.51,1931.28,719.04
10346,S24_3432,26,103.87,62.11,2700.62,1085.7600000000002
10346,S24_3969,22,38.57,21.75,848.54,370.04
10347,S10_1949,30,188.58,98.58,5657.400000000001,2700.0000000000005
10347,S10_4962,27,132.97,103.42,3590.19,797.8499999999999
10347,S12_1666,29,132.57,77.9,3844.5299999999997,1585.4299999999996
10347,S18_1097,42,113.17,58.33,4753.14,2303.28
10347,S18_1367,21,46.36,24.26,973.56,464.09999999999997
10347,S18_2432,50,51.05,24.92,2552.5,1306.4999999999998
10347,S18_2795,21,136.69,72.56,2870.49,1346.73
10347,S18_2949,48,84.09,60.78,4036.32,1118.88
10347,S18_2957,34,60.59,34.35,2060.06,892.1600000000001
10347,S18_3136,45,95.3,60.74,4288.5,1555.1999999999998
10347,S18_3320,26,84.33,57.54,2192.58,696.54
10347,S18_4600,45,115.03,84.76,5176.35,1362.1499999999999
10348,S12_1108,48,207.8,95.59,9974.400000000001,5386.08
10348,S12_3148,47,122.37,89.14,5751.39,1561.8100000000002
10348,S18_4668,29,43.77,23.14,1269.3300000000002,598.2700000000001
10348,S24_2300,37,107.34,61.34,3971.58,1702.0
10348,S24_4258,39,82.78,57.46,3228.42,987.48
10348,S32_1268,42,90.53,53.93,3802.26,1537.2
10348,S32_3522,31,62.7,33.61,1943.7,901.7900000000001
10348,S700_2824,32,100.14,46.53,3204.48,1715.52
10349,S12_3891,26,166.1,83.05,4318.599999999999,2159.2999999999997
10349,S12_4473,48,114.95,55.7,5517.6,2844.0
10349,S18_2238,38,142.45,101.51,5413.099999999999,1555.7199999999993
10349,S18_2319,38,117.82,74.86,4477.16,1632.4799999999998
10349,S18_3232,48,164.26,77.9,7884.48,4145.279999999999
10349,S18_4027,34,140.75,91.92,4785.5,1660.22
10349,S24_1444,48,50.29,32.37,2413.92,860.1600000000001
10349,S24_2840,36,31.47,15.91,1132.92,560.16
10349,S24_4048,23,111.18,69.78,2557.1400000000003,952.2000000000002
10349,S32_2509,33,44.37,25.98,1464.2099999999998,606.8699999999999
10350,S10_4757,26,110.16,85.68,2864.16,636.4799999999998
10350,S18_3029,43,84.3,51.61,3624.9,1405.6699999999998
10350,S18_3140,44,135.22,68.3,5949.68,2944.48
10350,S18_3259,41,94.79,67.56,3886.3900000000003,1116.43
10350,S18_4522,30,70.22,52.66,2106.6,526.8000000000001
10350,S24_2011,34,98.31,82.34,3342.54,542.98
10350,S24_3151,30,86.74,46.91,2602.2,1194.8999999999999
10350,S24_3816,25,77.15,48.64,1928.7500000000002,712.7500000000001
10350,S32_3207,27,61.52,26.72,1661.0400000000002,939.6000000000001
10350,S50_1392,31,104.18,68.29,3229.5800000000004,1112.59
10350,S50_1514,44,56.82,37.49,2500.08,850.52
10350,S700_1138,46,56.0,34.0,2576.0,1012.0
10350,S700_1938,28,76.22,43.3,2134.16,921.76
10350,S700_2610,29,68.67,33.97,1991.43,1006.3000000000001
10350,S700_3505,31,87.15,51.09,2701.65,1117.8600000000001
10350,S700_3962,25,97.32,53.63,2433.0,1092.2499999999998
10350,S72_3212,20,48.05,33.3,961.0,295.0
10351,S18_1662,39,143.5,77.27,5596.5,2582.9700000000003
10351,S18_3856,20,104.81,64.58,2096.2,804.6000000000001
10351,S24_2841,25,64.4,34.25,1610.0000000000002,753.7500000000001
10351,S24_3420,38,53.92,26.3,2048.96,1049.56
10351,S24_3949,34,68.24,29.34,2320.16,1322.5999999999997
10352,S700_2047,23,75.13,39.83,1727.9899999999998,811.9
10352,S700_2466,49,87.75,68.8,4299.75,928.5500000000002
10352,S700_4002,22,62.19,36.27,1368.1799999999998,570.2399999999999
10352,S72_1253,49,46.18,32.77,2262.82,657.0899999999998
10353,S18_2581,27,71.81,49.0,1938.8700000000001,615.8700000000001
10353,S24_1785,28,107.23,66.74,3002.44,1133.7200000000003
10353,S24_4278,35,69.55,36.23,2434.25,1166.2
10353,S32_1374,46,86.9,66.92,3997.4,919.0800000000002
10353,S32_4289,40,68.1,33.02,2724.0,1403.1999999999996
10353,S50_1341,40,35.78,27.06,1431.2,348.80000000000007
10353,S700_1691,39,73.07,51.15,2849.7299999999996,854.8799999999998
10353,S700_2834,48,98.48,59.33,4727.04,1879.2000000000003
10353,S700_3167,43,74.4,54.4,3199.2000000000003,860.0000000000003
10354,S10_1678,42,84.22,48.81,3537.24,1487.2199999999998
10354,S10_2016,20,95.15,68.99,1903.0,523.2000000000003
10354,S10_4698,42,178.17,91.02,7483.139999999999,3660.2999999999997
10354,S12_1099,31,157.6,95.34,4885.599999999999,1930.0599999999997
10354,S12_2823,35,141.58,66.27,4955.3,2635.8500000000004
10354,S12_3380,29,98.65,75.16,2860.8500000000004,681.2100000000003
10354,S12_3990,23,76.61,31.92,1762.03,1027.87
10354,S12_4675,28,100.19,58.73,2805.3199999999997,1160.88
10354,S18_1889,21,76.23,53.9,1600.8300000000002,468.9300000000001
10354,S18_2625,28,49.06,24.23,1373.68,695.24
10354,S18_3278,36,69.15,49.05,2489.4,723.6000000000004
10354,S24_1578,21,96.92,60.86,2035.32,757.26
10354,S24_2000,28,62.46,37.32,1748.88,703.9200000000001
10355,S18_3482,23,117.59,73.49,2704.57,1014.3000000000002
10355,S18_3782,31,60.3,32.95,1869.3,847.8499999999998
10355,S18_4721,25,124.99,69.93,3124.75,1376.4999999999998
10355,S24_2360,41,56.1,47.1,2300.1,369.0
10355,S24_2972,36,37.38,16.24,1345.68,761.0400000000002
10355,S24_3371,44,60.62,38.58,2667.2799999999997,969.76
10355,S24_3856,32,137.62,98.3,4403.84,1258.2400000000002
10355,S24_4620,28,75.18,32.33,2105.04,1199.8000000000002
10355,S32_2206,38,32.99,24.14,1253.6200000000001,336.30000000000007
10355,S32_4485,40,93.89,56.13,3755.6,1510.3999999999999
10356,S18_1129,43,120.31,83.51,5173.33,1582.3999999999999
10356,S18_1342,50,82.19,60.62,4109.5,1078.5
10356,S18_1367,22,44.75,24.26,984.5,450.78
10356,S18_1984,27,130.87,93.89,3533.4900000000002,998.4600000000002
10356,S18_2325,29,106.79,58.48,3096.9100000000003,1400.9900000000002
10356,S18_2795,30,158.63,72.56,4758.9,2582.1
10356,S24_1937,48,31.86,22.57,1529.28,445.91999999999996
10356,S24_2022,26,42.11,20.61,1094.86,559.0
10356,S50_4713,26,78.11,34.17,2030.86,1142.44
10357,S10_1949,32,199.3,98.58,6377.6,3223.0400000000004
10357,S10_4962,43,135.92,103.42,5844.5599999999995,1397.4999999999993
10357,S12_1666,49,109.34,77.9,5357.66,1540.56
10357,S18_1097,39,112.0,58.33,4368.0,2093.13
10357,S18_2432,41,58.95,24.92,2416.9500000000003,1395.23
10357,S18_2949,41,91.18,60.78,3738.38,1246.4000000000003
10357,S18_2957,49,59.34,34.35,2907.6600000000003,1224.51
10357,S18_3136,44,104.72,60.74,4607.68,1935.12
10357,S18_3320,25,84.33,57.54,2108.25,669.75
10357,S18_4600,28,105.34,84.76,2949.52,576.24
10358,S12_3148,49,129.93,89.14,6366.570000000001,1998.7100000000003
10358,S12_4473,42,98.36,55.7,4131.12,1791.7199999999998
10358,S18_2238,20,142.45,101.51,2849.0,818.7999999999997
10358,S18_2319,20,99.41,74.86,1988.1999999999998,490.99999999999994
10358,S18_3232,32,137.17,77.9,4389.44,1896.6399999999994
10358,S18_4027,25,117.77,91.92,2944.25,646.2499999999999
10358,S18_4668,30,46.29,23.14,1388.7,694.5
10358,S24_1444,44,56.07,32.37,2467.08,1042.8000000000002
10358,S24_2300,41,127.79,61.34,5239.39,2724.4500000000003
10358,S24_2840,36,33.59,15.91,1209.2400000000002,636.4800000000001
10358,S24_4258,41,88.62,57.46,3633.42,1277.5600000000002
10358,S32_1268,41,82.83,53.93,3396.0299999999997,1184.8999999999999
10358,S32_3522,36,51.71,33.61,1861.56,651.6
10358,S700_2824,27,85.98,46.53,2321.46,1065.15
10359,S10_4757,48,122.4,85.68,5875.200000000001,1762.56
10359,S12_1108,42,180.79,95.59,7593.179999999999,3578.3999999999996
10359,S12_3891,49,162.64,83.05,7969.36,3899.9099999999994
10359,S24_4048,22,108.82,69.78,2394.04,858.8799999999999
10359,S32_2509,36,45.45,25.98,1636.2,700.9200000000001
10359,S32_3207,22,62.14,26.72,1367.08,779.24
10359,S50_1392,46,99.55,68.29,4579.3,1437.9599999999996
10359,S50_1514,25,47.45,37.49,1186.25,249.00000000000003
10360,S18_1662,50,126.15,77.27,6307.5,2444.0000000000005
10360,S18_2581,41,68.43,49.0,2805.63,796.6300000000003
10360,S18_3029,46,71.4,51.61,3284.4,910.3400000000003
10360,S18_3140,29,122.93,68.3,3564.9700000000003,1584.2700000000002
10360,S18_3259,29,94.79,67.56,2748.9100000000003,789.6700000000001
10360,S18_3856,40,101.64,64.58,4065.6,1482.4
10360,S18_4522,40,76.36,52.66,3054.4,948.0000000000001
10360,S24_1785,22,106.14,66.74,2335.08,866.8000000000002
10360,S24_2011,31,100.77,82.34,3123.87,571.3299999999998
10360,S24_2841,49,55.49,34.25,2719.01,1040.76
10360,S24_3151,36,70.81,46.91,2549.16,860.4000000000002
10360,S24_3816,22,78.83,48.64,1734.26,664.18
10360,S700_1138,32,64.67,34.0,2069.44,981.44
10360,S700_1938,26,86.61,43.3,2251.86,1126.06
10360,S700_2610,30,70.11,33.97,2103.3,1084.2
10360,S700_3505,35,83.14,51.09,2909.9,1121.75
10360,S700_3962,31,92.36,53.63,2863.16,1200.6299999999999
10360,S72_3212,31,54.05,33.3,1675.55,643.25
10361,S10_1678,20,92.83,48.81,1856.6,880.3999999999999
10361,S10_2016,26,114.18,68.99,2968.6800000000003,1174.9400000000003
10361,S24_3420,34,62.46,26.3,2123.64,1229.4399999999998
10361,S24_3949,26,61.42,29.34,1596.92,834.0799999999999
10361,S24_4278,25,68.83,36.23,1720.75,815.0
10361,S32_4289,49,56.41,33.02,2764.0899999999997,1146.1099999999997
10361,S50_1341,33,35.78,27.06,1180.74,287.7600000000001
10361,S700_1691,20,88.6,51.15,1772.0,748.9999999999999
10361,S700_2047,24,85.99,39.83,2063.7599999999998,1107.84
10361,S700_2466,26,91.74,68.8,2385.24,596.4399999999999
10361,S700_2834,44,107.97,59.33,4750.68,2140.16
10361,S700_3167,44,76.8,54.4,3379.2,985.5999999999999
10361,S700_4002,35,62.19,36.27,2176.65,907.1999999999998
10361,S72_1253,23,47.67,32.77,1096.41,342.7
10362,S10_4698,22,182.04,91.02,4004.8799999999997,2002.4399999999998
10362,S12_2823,22,131.04,66.27,2882.8799999999997,1424.9399999999998
10362,S18_2625,23,53.91,24.23,1239.9299999999998,682.6399999999999
10362,S24_1578,50,91.29,60.86,4564.5,1521.5000000000005
10363,S12_1099,33,180.95,95.34,5971.349999999999,2825.1299999999997
10363,S12_3380,34,106.87,75.16,3633.58,1078.1400000000003
10363,S12_3990,34,68.63,31.92,2333.42,1248.1399999999999
10363,S12_4675,46,103.64,58.73,4767.44,2065.86
10363,S18_1889,22,61.6,53.9,1355.2,169.40000000000006
10363,S18_3278,46,69.15,49.05,3180.9,924.6000000000004
10363,S18_3482,24,124.94,73.49,2998.56,1234.8000000000002
10363,S18_3782,32,52.22,32.95,1671.04,616.6399999999999
10363,S18_4721,28,123.5,69.93,3458.0,1499.9599999999998
10363,S24_2000,21,70.08,37.32,1471.68,687.9599999999999
10363,S24_2360,43,56.1,47.1,2412.3,387.0
10363,S24_3371,21,52.05,38.58,1093.05,282.87
10363,S24_3856,31,113.75,98.3,3526.25,478.9500000000001
10363,S24_4620,43,75.99,32.33,3267.5699999999997,1877.3799999999999
10363,S32_1374,50,92.9,66.92,4645.0,1299.0000000000002
10364,S32_2206,48,38.22,24.14,1834.56,675.8399999999999
10365,S18_1129,30,116.06,83.51,3481.8,976.4999999999999
10365,S32_4485,22,82.66,56.13,1818.52,583.6599999999999
10365,S50_4713,44,68.34,34.17,3006.96,1503.48
10366,S18_1984,34,116.65,93.89,3966.1000000000004,773.8400000000001
10366,S18_2870,49,105.6,56.76,5174.4,2393.16
10366,S18_3232,34,154.1,77.9,5239.4,2590.7999999999997
10367,S18_1589,49,105.77,65.96,5182.73,1950.69
10367,S18_1749,37,144.5,86.7,5346.5,2138.6
10367,S18_2248,45,50.25,33.3,2261.25,762.7500000000001
10367,S18_2325,27,124.59,58.48,3363.9300000000003,1784.9700000000003
10367,S18_2795,32,140.06,72.56,4481.92,2160.0
10367,S18_3685,46,131.39,62.16,6043.94,3184.5799999999995
10367,S18_4409,43,77.31,43.26,3324.33,1464.15
10367,S18_4933,44,66.99,34.21,2947.56,1442.3199999999997
10367,S24_1046,21,72.76,49.24,1527.96,493.9200000000001
10367,S24_1628,38,50.31,29.18,1911.7800000000002,802.94
10367,S24_1937,23,29.54,22.57,679.42,160.30999999999997
10367,S24_2022,28,43.01,20.61,1204.28,627.1999999999999
10367,S24_2972,36,36.25,16.24,1305.0,720.36
10368,S24_2766,40,73.6,47.25,2944.0,1053.9999999999998
10368,S24_2887,31,115.09,72.82,3567.79,1310.3700000000003
10368,S24_3191,46,83.04,50.51,3819.84,1496.3800000000003
10368,S24_3432,20,93.16,62.11,1863.1999999999998,621.0
10368,S24_3969,46,36.52,21.75,1679.92,679.4200000000002
10369,S10_1949,41,195.01,98.58,7995.41,3953.6299999999997
10369,S18_1342,44,89.38,60.62,3932.72,1265.4399999999998
10369,S18_1367,32,46.36,24.26,1483.52,707.1999999999999
10369,S18_2949,42,100.3,60.78,4212.599999999999,1659.84
10369,S18_2957,28,51.84,34.35,1451.52,489.72
10369,S18_3136,21,90.06,60.74,1891.26,615.72
10369,S18_3320,45,80.36,57.54,3616.2,1026.9
10369,S24_4258,40,93.49,57.46,3739.6,1441.1999999999998
10370,S10_4962,35,128.53,103.42,4498.55,878.85
10370,S12_1666,49,128.47,77.9,6295.03,2477.93
10370,S18_1097,27,100.34,58.33,2709.1800000000003,1134.2700000000002
10370,S18_2319,22,101.87,74.86,2241.1400000000003,594.2200000000001
10370,S18_2432,22,60.16,24.92,1323.52,775.2799999999999
10370,S18_3232,27,167.65,77.9,4526.55,2423.25
10370,S18_4600,29,105.34,84.76,3054.86,596.8199999999999
10370,S18_4668,20,41.76,23.14,835.1999999999999,372.4
10370,S32_3522,25,63.99,33.61,1599.75,759.5000000000001
10371,S12_1108,32,178.71,95.59,5718.72,2659.84
10371,S12_4473,49,104.28,55.7,5109.72,2380.42
10371,S18_2238,25,160.46,101.51,4011.5,1473.75
10371,S24_1444,25,53.75,32.37,1343.75,534.5000000000001
10371,S24_2300,20,126.51,61.34,2530.2000000000003,1303.4
10371,S24_2840,45,35.01,15.91,1575.4499999999998,859.4999999999999
10371,S24_4048,28,95.81,69.78,2682.6800000000003,728.84
10371,S32_1268,26,82.83,53.93,2153.58,751.4
10371,S32_2509,20,44.37,25.98,887.4,367.79999999999995
10371,S32_3207,30,53.44,26.72,1603.1999999999998,801.5999999999999
10371,S50_1392,48,97.23,68.29,4667.04,1389.12
10371,S700_2824,34,83.95,46.53,2854.3,1272.28
10372,S12_3148,40,146.55,89.14,5862.0,2296.4000000000005
10372,S12_3891,34,140.15,83.05,4765.1,1941.4000000000003
10372,S18_3140,28,131.13,68.3,3671.64,1759.24
10372,S18_3259,25,91.76,67.56,2294.0,605.0000000000001
10372,S18_4027,48,119.2,91.92,5721.6,1309.44
10372,S18_4522,41,78.99,52.66,3238.5899999999997,1079.53
10372,S24_2011,37,102.0,82.34,3774.0,727.4199999999998
10372,S50_1514,24,56.82,37.49,1363.68,463.91999999999996
10372,S700_1938,44,74.48,43.3,3277.1200000000003,1371.9200000000003
10373,S10_4757,39,118.32,85.68,4614.48,1272.9599999999996
10373,S18_1662,28,143.5,77.27,4018.0,1854.44
10373,S18_3029,22,75.7,51.61,1665.4,529.98
10373,S18_3856,50,99.52,64.58,4976.0,1747.0
10373,S24_2841,38,58.92,34.25,2238.96,937.46
10373,S24_3151,33,82.31,46.91,2716.23,1168.2000000000003
10373,S24_3420,46,53.92,26.3,2480.32,1270.52
10373,S24_3816,23,83.86,48.64,1928.78,810.06
10373,S24_3949,39,62.1,29.34,2421.9,1277.64
10373,S700_1138,44,58.0,34.0,2552.0,1056.0
10373,S700_2047,32,76.94,39.83,2462.08,1187.52
10373,S700_2610,41,69.39,33.97,2844.9900000000002,1452.22
10373,S700_3505,34,94.16,51.09,3201.44,1464.3799999999997
10373,S700_3962,37,83.42,53.63,3086.54,1102.23
10373,S700_4002,45,68.11,36.27,3064.95,1432.7999999999997
10373,S72_1253,25,44.2,32.77,1105.0,285.75
10373,S72_3212,29,48.05,33.3,1393.4499999999998,427.75
10374,S10_2016,39,115.37,68.99,4499.43,1808.8200000000004
10374,S10_4698,22,158.8,91.02,3493.6000000000004,1491.1600000000003
10374,S18_2581,42,75.19,49.0,3157.98,1099.98
10374,S18_2625,22,48.46,24.23,1066.1200000000001,533.0600000000001
10374,S24_1578,38,112.7,60.86,4282.6,1969.92
10374,S24_1785,46,107.23,66.74,4932.58,1862.5400000000004
10375,S10_1678,21,76.56,48.81,1607.76,582.75
10375,S12_1099,45,184.84,95.34,8317.8,4027.5
10375,S12_2823,49,150.62,66.27,7380.38,4133.150000000001
10375,S24_2000,23,67.03,37.32,1541.69,683.33
10375,S24_2360,20,60.26,47.1,1205.2,263.19999999999993
10375,S24_4278,43,60.13,36.23,2585.59,1027.7000000000003
10375,S32_1374,37,87.9,66.92,3252.3,776.2600000000001
10375,S32_4289,44,59.85,33.02,2633.4,1180.52
10375,S32_4485,41,96.95,56.13,3974.9500000000003,1673.6200000000001
10375,S50_1341,49,36.22,27.06,1774.78,448.84000000000003
10375,S50_4713,49,69.16,34.17,3388.8399999999997,1714.5099999999998
10375,S700_1691,37,86.77,51.15,3210.49,1317.9399999999998
10375,S700_2466,33,94.73,68.8,3126.09,855.6900000000003
10375,S700_2834,25,98.48,59.33,2462.0,978.7500000000001
10375,S700_3167,44,69.6,54.4,3062.3999999999996,668.7999999999998
10376,S12_3380,35,98.65,75.16,3452.75,822.1500000000003
10377,S12_3990,24,65.44,31.92,1570.56,804.4799999999999
10377,S12_4675,50,112.86,58.73,5643.0,2706.5
10377,S18_1129,35,124.56,83.51,4359.6,1436.75
10377,S18_1889,31,61.6,53.9,1909.6000000000001,238.7000000000001
10377,S18_1984,36,125.18,93.89,4506.4800000000005,1126.4400000000003
10377,S18_3232,39,143.94,77.9,5613.66,2575.5599999999995
10378,S18_1589,34,121.95,65.96,4146.3,1903.6600000000003
10378,S18_3278,22,66.74,49.05,1468.28,389.17999999999995
10378,S18_3482,43,146.99,73.49,6320.570000000001,3160.5000000000005
10378,S18_3782,28,60.3,32.95,1688.3999999999999,765.7999999999998
10378,S18_4721,49,122.02,69.93,5978.98,2552.4099999999994
10378,S24_2972,41,30.59,16.24,1254.19,588.35
10378,S24_3371,46,52.66,38.58,2422.3599999999997,647.68
10378,S24_3856,33,129.2,98.3,4263.599999999999,1019.6999999999997
10378,S24_4620,41,80.84,32.33,3314.44,1988.9100000000003
10378,S32_2206,40,35.8,24.14,1432.0,466.39999999999986
10379,S18_1749,39,156.4,86.7,6099.6,2718.3
10379,S18_2248,27,50.85,33.3,1372.95,473.85000000000014
10379,S18_2870,29,113.52,56.76,3292.08,1646.04
10379,S18_3685,32,134.22,62.16,4295.04,2305.92
10379,S24_1628,32,48.8,29.18,1561.6,627.8399999999999
10380,S18_1342,27,88.36,60.62,2385.72,748.98
10380,S18_2325,40,119.5,58.48,4780.0,2440.8
10380,S18_2795,21,156.94,72.56,3295.74,1771.98
10380,S18_4409,32,78.23,43.26,2503.36,1119.0400000000002
10380,S18_4933,24,66.99,34.21,1607.7599999999998,786.7199999999998
10380,S24_1046,34,66.88,49.24,2273.92,599.7599999999998
10380,S24_1937,32,29.87,22.57,955.84,233.60000000000002
10380,S24_2022,27,37.63,20.61,1016.0100000000001,459.5400000000001
10380,S24_2766,36,77.24,47.25,2780.64,1079.6399999999999
10380,S24_2887,44,111.57,72.82,4909.08,1705.0
10380,S24_3191,44,77.05,50.51,3390.2,1167.76
10380,S24_3432,34,91.02,62.11,3094.68,982.9399999999998
10380,S24_3969,43,32.82,21.75,1411.26,476.01
10381,S10_1949,36,182.16,98.58,6557.76,3008.88
10381,S10_4962,37,138.88,103.42,5138.5599999999995,1312.0199999999998
10381,S12_1666,20,132.57,77.9,2651.3999999999996,1093.3999999999996
10381,S18_1097,48,114.34,58.33,5488.32,2688.4800000000005
10381,S18_1367,25,49.6,24.26,1240.0,633.5
10381,S18_2432,35,60.77,24.92,2126.9500000000003,1254.75
10381,S18_2949,41,100.3,60.78,4112.3,1620.32
10381,S18_2957,40,51.22,34.35,2048.8,674.8
10381,S18_3136,35,93.2,60.74,3262.0,1136.1000000000001
10382,S12_1108,34,166.24,95.59,5652.16,2402.1000000000004
10382,S12_3148,37,145.04,89.14,5366.48,2068.2999999999997
10382,S12_3891,34,143.61,83.05,4882.740000000001,2059.0400000000004
10382,S12_4473,32,103.1,55.7,3299.2,1516.7999999999997
10382,S18_2238,25,160.46,101.51,4011.5,1473.75
10382,S18_3320,50,84.33,57.54,4216.5,1339.5
10382,S18_4600,39,115.03,84.76,4486.17,1180.5299999999997
10382,S18_4668,39,46.29,23.14,1805.31,902.8499999999999
10382,S24_2300,20,120.12,61.34,2402.4,1175.6
10382,S24_4258,33,97.39,57.46,3213.87,1317.69
10382,S32_1268,26,85.72,53.93,2228.72,826.54
10382,S32_3522,48,57.53,33.61,2761.44,1148.16
10382,S700_2824,34,101.15,46.53,3439.1000000000004,1857.0800000000002
10383,S18_2319,27,119.05,74.86,3214.35,1193.1299999999999
10383,S18_3140,24,125.66,68.3,3015.84,1376.6399999999999
10383,S18_3232,47,155.79,77.9,7322.129999999999,3660.8299999999995
10383,S18_3259,26,83.7,67.56,2176.2000000000003,419.64
10383,S18_4027,38,137.88,91.92,5239.44,1746.4799999999998
10383,S18_4522,28,77.24,52.66,2162.72,688.24
10383,S24_1444,22,52.6,32.37,1157.2,445.06000000000006
10383,S24_2840,40,33.24,15.91,1329.6000000000001,693.2
10383,S24_4048,21,117.1,69.78,2459.1,993.7199999999998
10383,S32_2509,32,53.57,25.98,1714.24,882.88
10383,S32_3207,44,55.93,26.72,2460.92,1285.24
10383,S50_1392,29,94.92,68.29,2752.68,772.2699999999999
10383,S50_1514,38,48.62,37.49,1847.56,422.9399999999998
10384,S10_4757,34,129.2,85.68,4392.799999999999,1479.6799999999994
10384,S24_2011,28,114.29,82.34,3200.1200000000003,894.6000000000001
10384,S24_3151,43,71.69,46.91,3082.67,1065.54
10384,S700_1938,49,71.02,43.3,3479.98,1358.28
10385,S24_3816,37,78.83,48.64,2916.71,1117.03
10385,S700_1138,25,62.0,34.0,1550.0,700.0
10386,S18_1662,25,130.88,77.27,3272.0,1340.25
10386,S18_2581,21,72.65,49.0,1525.65,496.6500000000001
10386,S18_3029,37,73.12,51.61,2705.44,795.8700000000002
10386,S18_3856,22,100.58,64.58,2212.7599999999998,792.0
10386,S24_1785,33,101.76,66.74,3358.0800000000004,1155.6600000000003
10386,S24_2841,39,56.86,34.25,2217.54,881.79
10386,S24_3420,35,54.57,26.3,1909.95,989.4499999999999
10386,S24_3949,41,55.96,29.34,2294.36,1091.42
10386,S24_4278,50,71.73,36.23,3586.5,1775.0000000000005
10386,S700_2047,29,85.09,39.83,2467.61,1312.5400000000002
10386,S700_2466,37,90.75,68.8,3357.75,812.1500000000001
10386,S700_2610,37,67.22,33.97,2487.14,1230.25
10386,S700_3167,32,68.0,54.4,2176.0,435.20000000000005
10386,S700_3505,45,83.14,51.09,3741.3,1442.2499999999998
10386,S700_3962,30,80.44,53.63,2413.2,804.2999999999998
10386,S700_4002,44,59.22,36.27,2605.68,1009.7999999999998
10386,S72_1253,50,47.67,32.77,2383.5,744.9999999999999
10386,S72_3212,43,52.42,33.3,2254.06,822.1600000000002
10387,S32_1374,44,79.91,66.92,3516.04,571.5599999999997
10388,S10_1678,42,80.39,48.81,3376.38,1326.36
10388,S10_2016,50,118.94,68.99,5947.0,2497.5
10388,S10_4698,21,156.86,91.02,3294.0600000000004,1382.6400000000003
10388,S12_2823,44,125.01,66.27,5500.4400000000005,2584.5600000000004
10388,S32_4289,35,58.47,33.02,2046.45,890.7499999999999
10388,S50_1341,27,41.02,27.06,1107.5400000000002,376.92000000000013
10388,S700_1691,46,74.9,51.15,3445.4,1092.5000000000002
10388,S700_2834,50,111.53,59.33,5576.5,2610.0
10389,S12_1099,26,182.9,95.34,4755.400000000001,2276.56
10389,S12_3380,25,95.13,75.16,2378.25,499.25
10389,S12_3990,36,76.61,31.92,2757.96,1608.84
10389,S12_4675,47,102.49,58.73,4817.03,2056.72
10389,S18_1889,49,63.91,53.9,3131.5899999999997,490.4899999999999
10389,S18_2625,39,52.09,24.23,2031.5100000000002,1086.5400000000002
10389,S24_1578,45,112.7,60.86,5071.5,2332.8
10389,S24_2000,49,61.7,37.32,3023.3,1194.6200000000001
10390,S18_1129,36,117.48,83.51,4229.28,1222.92
10390,S18_1984,34,132.29,93.89,4497.86,1305.5999999999997
10390,S18_2325,31,102.98,58.48,3192.38,1379.5000000000002
10390,S18_2795,26,162.0,72.56,4212.0,2325.44
10390,S18_3278,40,75.59,49.05,3023.6000000000004,1061.6000000000004
10390,S18_3482,50,135.23,73.49,6761.499999999999,3086.9999999999995
10390,S18_3782,36,54.09,32.95,1947.2400000000002,761.04
10390,S18_4721,49,122.02,69.93,5978.98,2552.4099999999994
10390,S24_2360,35,67.87,47.1,2375.4500000000003,726.9500000000002
10390,S24_2972,37,35.87,16.24,1327.1899999999998,726.31
10390,S24_3371,46,51.43,38.58,2365.78,591.1
10390,S24_3856,45,134.81,98.3,6066.45,1642.9500000000003
10390,S24_4620,30,66.29,32.33,1988.7000000000003,1018.8000000000002
10390,S32_2206,41,39.02,24.14,1599.8200000000002,610.0800000000002
10390,S32_4485,45,101.03,56.13,4546.35,2020.5
10390,S50_4713,22,81.36,34.17,1789.92,1038.1799999999998
10391,S10_1949,24,195.01,98.58,4680.24,2314.3199999999997
10391,S10_4962,37,121.15,103.42,4482.55,656.0100000000001
10391,S12_1666,39,110.7,77.9,4317.3,1279.1999999999998
10391,S18_1097,29,114.34,58.33,3315.86,1624.2900000000002
10391,S18_1342,35,102.74,60.62,3595.8999999999996,1474.1999999999998
10391,S18_1367,42,47.44,24.26,1992.48,973.5599999999998
10391,S18_2432,44,57.73,24.92,2540.12,1443.6399999999999
10391,S18_2949,32,99.28,60.78,3176.96,1232.0
10391,S24_1937,33,26.55,22.57,876.15,131.34
10391,S24_2022,24,36.29,20.61,870.96,376.32
10392,S18_2957,37,61.21,34.35,2264.77,993.8199999999999
10392,S18_3136,29,103.67,60.74,3006.43,1244.97
10392,S18_3320,36,98.22,57.54,3535.92,1464.48
10393,S12_3148,35,145.04,89.14,5076.4,1956.4999999999998
10393,S12_4473,32,99.54,55.7,3185.28,1402.88
10393,S18_2238,20,137.53,101.51,2750.6,720.3999999999999
10393,S18_2319,38,104.32,74.86,3964.16,1119.4799999999998
10393,S18_4600,30,106.55,84.76,3196.5,653.6999999999998
10393,S18_4668,44,41.76,23.14,1837.4399999999998,819.2799999999999
10393,S24_2300,33,112.46,61.34,3711.18,1686.9599999999996
10393,S24_4258,33,88.62,57.46,2924.46,1028.2800000000002
10393,S32_1268,38,84.75,53.93,3220.5,1171.16
10393,S32_3522,31,63.35,33.61,1963.8500000000001,921.94
10393,S700_2824,21,83.95,46.53,1762.95,785.82
10394,S18_3232,22,135.47,77.9,2980.34,1266.54
10394,S18_4027,37,124.95,91.92,4623.150000000001,1222.1100000000001
10394,S24_1444,31,53.18,32.37,1648.58,645.1100000000001
10394,S24_2840,46,35.36,15.91,1626.56,894.6999999999999
10394,S24_4048,37,104.09,69.78,3851.33,1269.47
10394,S32_2509,36,47.08,25.98,1694.8799999999999,759.5999999999999
10394,S32_3207,30,55.93,26.72,1677.9,876.3000000000001
10395,S10_4757,32,125.12,85.68,4003.84,1262.08
10395,S12_1108,33,205.72,95.59,6788.76,3634.29
10395,S50_1392,46,98.39,68.29,4525.94,1384.5999999999997
10395,S50_1514,45,57.99,37.49,2609.55,922.5
10396,S12_3891,33,155.72,83.05,5138.76,2398.11
10396,S18_3140,33,129.76,68.3,4282.08,2028.1799999999998
10396,S18_3259,24,91.76,67.56,2202.2400000000002,580.8000000000001
10396,S18_4522,45,83.38,52.66,3752.1,1382.3999999999999
10396,S24_2011,49,100.77,82.34,4937.73,903.0699999999996
10396,S24_3151,27,77.0,46.91,2079.0,812.4300000000001
10396,S24_3816,37,77.99,48.64,2885.6299999999997,1085.9499999999998
10396,S700_1138,39,62.0,34.0,2418.0,1092.0
10397,S700_1938,32,69.29,43.3,2217.28,831.6800000000003
10397,S700_2610,22,62.88,33.97,1383.3600000000001,636.0200000000001
10397,S700_3505,48,86.15,51.09,4135.200000000001,1682.88
10397,S700_3962,36,80.44,53.63,2895.84,965.1599999999999
10397,S72_3212,34,52.96,33.3,1800.64,668.4400000000002
10398,S18_1662,33,130.88,77.27,4319.04,1769.1299999999999
10398,S18_2581,34,82.79,49.0,2814.86,1148.8600000000001
10398,S18_3029,28,70.54,51.61,1975.1200000000001,530.0400000000002
10398,S18_3856,45,92.11,64.58,4144.95,1238.8500000000001
10398,S24_1785,43,100.67,66.74,4328.81,1458.9900000000002
10398,S24_2841,28,60.29,34.25,1688.12,729.12
10398,S24_3420,34,61.15,26.3,2079.1,1184.8999999999999
10398,S24_3949,41,56.64,29.34,2322.2400000000002,1119.3
10398,S24_4278,45,65.93,36.23,2966.8500000000004,1336.5000000000005
10398,S32_4289,22,60.54,33.02,1331.8799999999999,605.4399999999999
10398,S50_1341,49,38.84,27.06,1903.16,577.2200000000003
10398,S700_1691,47,78.55,51.15,3691.85,1287.8
10398,S700_2047,36,75.13,39.83,2704.68,1270.8
10398,S700_2466,22,98.72,68.8,2171.84,658.24
10398,S700_2834,23,102.04,59.33,2346.92,982.3300000000002
10398,S700_3167,29,76.8,54.4,2227.2,649.5999999999999
10398,S700_4002,36,62.19,36.27,2238.84,933.1199999999998
10398,S72_1253,34,41.22,32.77,1401.48,287.29999999999984
10399,S10_1678,40,77.52,48.81,3100.7999999999997,1148.3999999999996
10399,S10_2016,51,99.91,68.99,5095.41,1576.92
10399,S10_4698,22,156.86,91.02,3450.92,1448.4800000000005
10399,S12_2823,29,123.51,66.27,3581.79,1659.9600000000003
10399,S18_2625,30,51.48,24.23,1544.3999999999999,817.4999999999999
10399,S24_1578,57,104.81,60.86,5974.17,2505.15
10399,S24_2000,58,75.41,37.32,4373.78,2209.22
10399,S32_1374,32,97.89,66.92,3132.48,991.04
10400,S10_4757,64,134.64,85.68,8616.96,3133.4399999999987
10400,S18_1662,34,129.31,77.27,4396.54,1769.3600000000001
10400,S18_3029,30,74.84,51.61,2245.2000000000003,696.9000000000001
10400,S18_3856,58,88.93,64.58,5157.9400000000005,1412.3000000000004
10400,S24_2841,24,55.49,34.25,1331.76,509.76000000000005
10400,S24_3420,38,59.18,26.3,2248.84,1249.4399999999998
10400,S24_3816,42,74.64,48.64,3134.88,1092.0
10400,S700_2047,46,82.37,39.83,3789.0200000000004,1956.8400000000004
10400,S72_1253,20,41.71,32.77,834.2,178.79999999999995
10401,S18_2581,42,75.19,49.0,3157.98,1099.98
10401,S24_1785,38,87.54,66.74,3326.5200000000004,790.4000000000004
10401,S24_3949,64,59.37,29.34,3799.68,1921.9199999999998
10401,S24_4278,52,65.93,36.23,3428.3600000000006,1544.4000000000005
10401,S32_1374,49,81.91,66.92,4013.5899999999997,734.5099999999998
10401,S32_4289,62,62.6,33.02,3881.2000000000003,1833.9599999999998
10401,S50_1341,56,41.46,27.06,2321.76,806.4000000000001
10401,S700_1691,11,77.64,51.15,854.04,291.39000000000004
10401,S700_2466,85,98.72,68.8,8391.2,2543.2000000000003
10401,S700_2834,21,96.11,59.33,2018.31,772.38
10401,S700_3167,77,73.6,54.4,5667.2,1478.3999999999996
10401,S700_4002,40,66.63,36.27,2665.2,1214.3999999999996
10402,S10_2016,45,118.94,68.99,5352.3,2247.75
10402,S18_2625,55,58.15,24.23,3198.25,1865.6000000000001
10402,S24_2000,59,61.7,37.32,3640.3,1438.42
10403,S10_1678,24,85.17,48.81,2044.08,872.64
10403,S10_4698,66,174.29,91.02,11503.14,5495.82
10403,S12_2823,66,122.0,66.27,8052.0,3678.1800000000003
10403,S18_3782,36,55.33,32.95,1991.8799999999999,805.6799999999998
10403,S24_1578,46,109.32,60.86,5028.719999999999,2229.16
10403,S24_2360,27,57.49,47.1,1552.23,280.53000000000003
10403,S32_2206,30,35.8,24.14,1074.0,349.7999999999999
10403,S32_4485,45,88.78,56.13,3995.1,1469.25
10403,S50_4713,31,65.09,34.17,2017.7900000000002,958.5200000000001
10404,S12_1099,64,163.44,95.34,10460.16,4358.4
10404,S12_3380,43,102.17,75.16,4393.31,1161.4300000000003
10404,S12_3990,77,67.03,31.92,5161.31,2703.47
10404,S18_3278,90,67.54,49.05,6078.6,1664.1000000000008
10404,S18_3482,28,127.88,73.49,3580.64,1522.92
10404,S18_4721,48,124.99,69.93,5999.5199999999995,2642.879999999999
10404,S24_3371,49,53.27,38.58,2610.23,719.8100000000003
10404,S24_4620,48,65.48,32.33,3143.04,1591.2000000000003
10405,S12_4675,97,115.16,58.73,11170.52,5473.71
10405,S18_1889,61,72.38,53.9,4415.179999999999,1127.2799999999997
10405,S18_3232,55,147.33,77.9,8103.150000000001,3818.6500000000005
10405,S24_2972,47,37.38,16.24,1756.8600000000001,993.5800000000002
10405,S24_3856,76,127.79,98.3,9712.04,2241.2400000000007
10406,S18_1129,61,124.56,83.51,7598.16,2504.0499999999997
10406,S18_1984,48,133.72,93.89,6418.5599999999995,1911.84
10406,S18_3685,65,117.26,62.16,7621.900000000001,3581.5000000000005
10407,S18_1589,59,114.48,65.96,6754.320000000001,2862.6800000000007
10407,S18_1749,76,141.1,86.7,10723.6,4134.4
10407,S18_2248,42,58.12,33.3,2441.04,1042.44
10407,S18_2870,41,132.0,56.76,5412.0,3084.84
10407,S18_4409,6,91.11,43.26,546.66,287.1
10407,S18_4933,66,64.14,34.21,4233.24,1975.3799999999999
10407,S24_1046,26,68.35,49.24,1777.1,496.8599999999998
10407,S24_1628,64,45.78,29.18,2929.92,1062.4
10407,S24_2766,76,81.78,47.25,6215.28,2624.28
10407,S24_2887,59,98.65,72.82,5820.35,1523.9700000000007
10407,S24_3191,13,77.05,50.51,1001.65,345.02
10407,S24_3432,43,101.73,62.11,4374.39,1703.6600000000003
10408,S24_3969,15,41.03,21.75,615.45,289.20000000000005
10409,S18_2325,6,104.25,58.48,625.5,274.62
10409,S24_1937,61,27.88,22.57,1700.6799999999998,323.9099999999999
10410,S18_1342,65,99.66,60.62,6477.9,2537.6
10410,S18_1367,44,51.21,24.26,2253.2400000000002,1185.8
10410,S18_2795,56,145.13,72.56,8127.28,4063.9199999999996
10410,S18_2949,47,93.21,60.78,4380.87,1524.2099999999996
10410,S18_2957,53,49.97,34.35,2648.41,827.8599999999999
10410,S18_3136,34,84.82,60.74,2883.8799999999997,818.7199999999997
10410,S18_3320,44,81.35,57.54,3579.3999999999996,1047.6399999999999
10410,S24_2022,31,42.56,20.61,1319.3600000000001,680.45
10410,S24_4258,50,95.44,57.46,4772.0,1898.9999999999998
10411,S10_1949,23,205.73,98.58,4731.79,2464.45
10411,S10_4962,27,144.79,103.42,3909.33,1116.9899999999998
10411,S12_1666,40,110.7,77.9,4428.0,1312.0
10411,S18_1097,27,109.67,58.33,2961.09,1386.18
10411,S18_4600,46,106.55,84.76,4901.3,1002.3399999999997
10411,S18_4668,35,41.25,23.14,1443.75,633.85
10411,S32_1268,26,78.01,53.93,2028.2600000000002,626.0800000000002
10411,S32_3522,27,60.76,33.61,1640.52,733.05
10411,S700_2824,34,89.01,46.53,3026.34,1444.3200000000002
10412,S12_4473,54,100.73,55.7,5439.42,2431.62
10412,S18_2238,41,150.63,101.51,6175.83,2013.9199999999996
10412,S18_2319,56,120.28,74.86,6735.68,2543.52
10412,S18_2432,47,49.83,24.92,2342.0099999999998,1170.7699999999998
10412,S18_3232,60,157.49,77.9,9449.400000000001,4775.400000000001
10412,S24_1444,21,47.4,32.37,995.4,315.63
10412,S24_2300,70,109.9,61.34,7693.0,3399.2000000000003
10412,S24_2840,30,32.88,15.91,986.4000000000001,509.1000000000001
10412,S24_4048,31,108.82,69.78,3373.4199999999996,1210.2399999999998
10412,S32_2509,19,50.86,25.98,966.34,472.71999999999997
10412,S50_1392,26,105.33,68.29,2738.58,963.0399999999997
10413,S12_1108,36,201.57,95.59,7256.5199999999995,3815.2799999999997
10413,S12_3148,47,145.04,89.14,6816.879999999999,2627.2999999999997
10413,S12_3891,22,173.02,83.05,3806.44,1979.3400000000004
10413,S18_4027,49,133.57,91.92,6544.929999999999,2040.8499999999997
10413,S32_3207,24,56.55,26.72,1357.1999999999998,715.92
10413,S50_1514,51,53.31,37.49,2718.81,806.82
10414,S10_4757,49,114.24,85.68,5597.759999999999,1399.4399999999994
10414,S18_3029,44,77.42,51.61,3406.48,1135.64
10414,S18_3140,41,128.39,68.3,5263.99,2463.6899999999996
10414,S18_3259,48,85.71,67.56,4114.08,871.1999999999996
10414,S18_4522,56,83.38,52.66,4669.28,1720.32
10414,S24_2011,43,108.14,82.34,4650.02,1109.3999999999999
10414,S24_3151,60,72.58,46.91,4354.8,1540.2
10414,S24_3816,51,72.96,48.64,3720.9599999999996,1240.3199999999997
10414,S700_1138,37,62.0,34.0,2294.0,1036.0
10414,S700_1938,34,74.48,43.3,2532.32,1060.1200000000003
10414,S700_2610,31,61.44,33.97,1904.6399999999999,851.5699999999999
10414,S700_3505,28,84.14,51.09,2355.92,925.3999999999999
10414,S700_3962,40,84.41,53.63,3376.3999999999996,1231.1999999999998
10414,S72_3212,47,54.6,33.3,2566.2000000000003,1001.1000000000003
10415,S18_3856,51,86.81,64.58,4427.31,1133.7300000000002
10415,S24_2841,21,60.97,34.25,1280.37,561.12
10415,S24_3420,18,59.83,26.3,1076.94,603.54
10415,S700_2047,32,73.32,39.83,2346.24,1071.6799999999998
10415,S72_1253,42,43.2,32.77,1814.4,438.06
10416,S18_1662,24,129.31,77.27,3103.44,1248.96
10416,S18_2581,15,70.96,49.0,1064.3999999999999,329.3999999999999
10416,S24_1785,47,90.82,66.74,4268.54,1131.76
10416,S24_2000,32,62.46,37.32,1998.72,804.48
10416,S24_3949,18,64.83,29.34,1166.94,638.8199999999999
10416,S24_4278,48,70.28,36.23,3373.44,1634.4
10416,S32_1374,45,86.9,66.92,3910.5000000000005,899.1000000000001
10416,S32_4289,26,68.1,33.02,1770.6,912.0799999999998
10416,S50_1341,37,39.71,27.06,1469.27,468.05000000000007
10416,S700_1691,23,88.6,51.15,2037.8,861.3499999999999
10416,S700_2466,22,84.76,68.8,1864.72,351.1200000000002
10416,S700_2834,41,98.48,59.33,4037.6800000000003,1605.1500000000003
10416,S700_3167,39,65.6,54.4,2558.3999999999996,436.79999999999984
10416,S700_4002,43,63.67,36.27,2737.81,1178.2
10417,S10_1678,66,79.43,48.81,5242.38,2020.9200000000003
10417,S10_2016,45,116.56,68.99,5245.2,2140.6500000000005
10417,S10_4698,56,162.67,91.02,9109.519999999999,4012.3999999999996
10417,S12_2823,21,144.6,66.27,3036.6,1644.93
10417,S18_2625,36,58.75,24.23,2115.0,1242.7199999999998
10417,S24_1578,35,109.32,60.86,3826.2,1696.0999999999997
10418,S18_3278,16,70.76,49.05,1132.16,347.3600000000001
10418,S18_3482,27,139.64,73.49,3770.2799999999997,1786.0499999999997
10418,S18_3782,33,56.57,32.95,1866.81,779.4599999999999
10418,S18_4721,28,120.53,69.93,3374.84,1416.7999999999997
10418,S24_2360,52,64.41,47.1,3349.3199999999997,900.1199999999998
10418,S24_4620,10,66.29,32.33,662.9000000000001,339.6000000000001
10418,S32_2206,43,36.61,24.14,1574.23,536.2099999999999
10418,S32_4485,50,100.01,56.13,5000.5,2194.0
10418,S50_4713,40,72.41,34.17,2896.3999999999996,1529.6
10419,S12_1099,12,182.9,95.34,2194.8,1050.72
10419,S12_3380,10,111.57,75.16,1115.6999999999998,364.09999999999997
10419,S12_3990,34,64.64,31.92,2197.76,1112.48
10419,S12_4675,32,99.04,58.73,3169.28,1289.9200000000003
10419,S18_1129,38,117.48,83.51,4464.24,1290.86
10419,S18_1589,37,100.8,65.96,3729.6,1289.0800000000002
10419,S18_1889,39,67.76,53.9,2642.6400000000003,540.5400000000003
10419,S18_1984,34,133.72,93.89,4546.48,1354.22
10419,S18_2870,55,116.16,56.76,6388.8,3267.0
10419,S18_3232,35,165.95,77.9,5808.25,3081.7499999999995
10419,S18_3685,43,114.44,62.16,4920.92,2248.04
10419,S24_2972,15,32.1,16.24,481.5,237.90000000000003
10419,S24_3371,55,52.66,38.58,2896.2999999999997,774.3999999999999
10419,S24_3856,70,112.34,98.3,7863.8,982.8000000000004
10420,S18_1749,37,153.0,86.7,5661.0,2453.1
10420,S18_2248,36,52.06,33.3,1874.16,675.3600000000001
10420,S18_2325,45,116.96,58.48,5263.2,2631.6
10420,S18_4409,66,73.62,43.26,4858.92,2003.7600000000004
10420,S18_4933,36,68.42,34.21,2463.12,1231.56
10420,S24_1046,60,60.26,49.24,3615.6,661.1999999999998
10420,S24_1628,37,48.8,29.18,1805.6,725.9399999999999
10420,S24_1937,45,32.19,22.57,1448.55,432.89999999999986
10420,S24_2766,39,76.33,47.25,2976.87,1134.12
10420,S24_2887,55,115.09,72.82,6329.95,2324.8500000000004
10420,S24_3191,35,77.05,50.51,2696.75,928.9
10420,S24_3432,26,104.94,62.11,2728.44,1113.58
10420,S24_3969,15,35.29,21.75,529.35,203.1
10421,S18_2795,35,167.06,72.56,5847.1,3307.5
10421,S24_2022,40,44.8,20.61,1792.0,967.5999999999999
10422,S18_1342,51,91.44,60.62,4663.44,1571.82
10422,S18_1367,25,47.44,24.26,1186.0,579.4999999999999
10423,S18_2949,10,89.15,60.78,891.5,283.70000000000005
10423,S18_2957,31,56.21,34.35,1742.51,677.66
10423,S18_3136,21,98.44,60.74,2067.24,791.6999999999999
10423,S18_3320,21,80.36,57.54,1687.56,479.22
10423,S24_4258,28,78.89,57.46,2208.92,600.04
10424,S10_1949,50,201.44,98.58,10072.0,5143.0
10424,S12_1666,49,121.64,77.9,5960.36,2143.2599999999998
10424,S18_1097,54,108.5,58.33,5859.0,2709.1800000000003
10424,S18_4668,26,40.25,23.14,1046.5,444.86
10424,S32_3522,44,54.94,33.61,2417.3599999999997,938.52
10424,S700_2824,46,85.98,46.53,3955.0800000000004,1814.7
10425,S10_4962,38,131.49,103.42,4996.620000000001,1066.6600000000003
10425,S12_4473,33,95.99,55.7,3167.6699999999996,1329.5699999999997
10425,S18_2238,28,147.36,101.51,4126.08,1283.8000000000002
10425,S18_2319,38,117.82,74.86,4477.16,1632.4799999999998
10425,S18_2432,19,48.62,24.92,923.78,450.2999999999999
10425,S18_3232,28,140.55,77.9,3935.4000000000005,1754.2000000000003
10425,S18_4600,38,107.76,84.76,4094.88,874.0
10425,S24_1444,55,53.75,32.37,2956.25,1175.9
10425,S24_2300,49,127.79,61.34,6261.71,3256.05
10425,S24_2840,31,31.82,15.91,986.42,493.21
10425,S32_1268,41,83.79,53.93,3435.3900000000003,1224.2600000000002
10425,S32_2509,11,50.32,25.98,553.52,267.74
10425,S50_1392,18,94.92,68.29,1708.56,479.3399999999999
